FASTA ID ,PIP or Non-PIP ,Prob ,p,,,,
1,49,BCE,0.7051,1,,,
2,195,Non-BCE,0.106,1,,,
3,247,BCE,0.7022,1,,,
4,426,BCE,0.9878,1,,,
5,549,BCE,1.0134,1,,,
6,763,Non-BCE,0.181,1,,,
7,861,BCE,1.2838,1,,,
8,1206,BCE,1.0549,1,,,
9,1209,BCE,1.2218,1,,,
10,1387,Non-BCE,0.3121,1,,,
11,1574,BCE,0.8706,1,,,
12,1594,Non-BCE,0.2348,1,,,
13,1744,BCE,1.3038,1,,,
14,2023,Non-BCE,0.1831,1,,,
15,2241,BCE,0.8633,1,,,
16,2286,BCE,0.4192,1,,,
17,2820,BCE,1.2169,1,,,
18,2850,BCE,1.2667,1,,,
19,2894,Non-BCE,0.1193,1,,,
20,3348,BCE,1.2985,1,,,
21,3502,BCE,1.2465,1,,,
22,3717,BCE,0.7706,1,,,
23,3985,BCE,0.997,1,,,
24,3986,BCE,0.8213,1,,,
25,4094,BCE,0.9078,1,,,
26,4175,BCE,0.9084,1,,,
27,4923,BCE,1.4552,1,,,
28,5169,Non-BCE,0.1468,1,,,
29,5385,BCE,0.3966,1,,,
30,5512,Non-BCE,0.1897,1,,,
31,5596,Non-BCE,0.1689,1,,,
32,6023,BCE,0.8839,1,,,
33,6120,BCE,0.8094,1,,,
34,6232,BCE,0.6689,1,,,
35,6254,BCE,0.4442,1,,,
36,6314,Non-BCE,0.1222,1,,,
37,6532,Non-BCE,0.2411,1,,,
38,6597,Non-BCE,0.0929,1,,,
39,6690,BCE,1.3426,1,,,
40,6692,Non-BCE,0.1986,1,,,
41,6722,BCE,1.3586,1,,,
42,6897,BCE,1.1538,1,,,
43,6914,BCE,0.4767,1,,,
44,6985,BCE,0.5748,1,,,
45,7434,BCE,0.539,1,,,
46,7435,Non-BCE,0.347,1,,,
47,7713,BCE,0.46,1,,,
48,7715,BCE,1.2331,1,,,
49,7730,BCE,1.3919,1,,,
50,7902,Non-BCE,0.3414,1,,,0.200300075
51,7932,Non-BCE,0.1825,1,,,
52,7947,BCE,0.4561,1,,,
53,7959,Non-BCE,0.2265,1,,,
54,8083,BCE,0.8228,1,,,
55,8164,BCE,0.8801,1,,,
56,8188,BCE,1.4694,1,,,
57,8219,BCE,0.4508,1,,,
58,8431,Non-BCE,0.2756,1,,,
59,8983,BCE,1.3541,1,,,
60,9068,Non-BCE,0.1305,1,,,
61,9441,BCE,1.3024,1,,,
62,9818,Non-BCE,0.3278,1,,,
63,9819,BCE,0.9178,1,,,
64,10012,BCE,1.3304,1,,,
65,10040,BCE,1.2963,1,,,
66,10041,Non-BCE,0.1316,1,,,
67,10045,BCE,0.436,1,,,
68,10276,BCE,1.377,1,,,
69,10277,BCE,1.0405,1,,,
70,11011,BCE,1.3034,1,,,
71,11055,BCE,0.3939,1,,,
72,11190,Non-BCE,0.2764,1,,,
73,11234,BCE,1.1833,1,,,
74,11253,BCE,1.383,1,,,
75,11378,Non-BCE,0.216,1,,,
76,11582,Non-BCE,0.0534,1,,,
77,11615,Non-BCE,0.2395,1,,,
78,11712,BCE,0.5688,1,,,
79,11861,Non-BCE,0.0883,1,,,
80,12004,BCE,1.0377,1,,,
81,12037,Non-BCE,0.0976,1,,,
82,12220,BCE,0.9408,1,,,
83,12221,BCE,0.5155,1,,,
84,12382,BCE,0.9042,1,,,
85,12416,BCE,1.1963,1,,,
86,12646,Non-BCE,0.1012,1,,,
87,12729,Non-BCE,0.0875,1,,,
88,12913,BCE,0.8963,1,,,
89,12930,BCE,1.3504,1,,,
90,13186,Non-BCE,0.2371,1,,,
91,13187,BCE,1.2946,1,,,
92,13233,BCE,0.9382,1,,,
93,13252,Non-BCE,0.1655,1,,,
94,13316,BCE,1.311,1,,,
95,13576,Non-BCE,0.3415,1,,,
96,13624,BCE,0.9612,1,,,
97,13838,Non-BCE,0.1701,1,,,
98,13844,BCE,1.2919,1,,,
99,13908,Non-BCE,0.2888,1,,,
100,13911,BCE,1.2473,1,,,
101,14039,BCE,1.4708,1,,,
102,14183,Non-BCE,0.0847,1,,,
103,14638,BCE,0.8611,1,,,
104,14639,BCE,1.0851,1,,,
105,15608,BCE,1.1927,1,,,
106,16092,BCE,0.9779,1,,,
107,16280,Non-BCE,0.2443,1,,,
108,16349,BCE,0.3705,1,,,
109,16397,BCE,0.4533,1,,,
110,16453,BCE,1.253,1,,,
111,16456,BCE,1.0091,1,,,
112,16482,BCE,1.157,1,,,
113,16615,Non-BCE,0.2525,1,,,
114,16704,BCE,1.3165,1,,,
115,17219,BCE,0.4413,1,,,
116,17335,BCE,1.2695,1,,,
117,19424,BCE,1.3412,1,,,
118,19961,BCE,0.8879,1,,,
119,20427,BCE,1.313,1,,,
120,20468,BCE,0.4434,1,,,
121,20523,BCE,0.9042,1,,,
122,20541,BCE,1.3477,1,,,
123,20586,BCE,1.2274,1,,,
124,20718,Non-BCE,0.0581,1,,,
125,20770,BCE,1.3392,1,,,
126,20801,BCE,0.6005,1,,,
127,21092,BCE,1.3185,1,,,
128,21102,BCE,1.3171,1,,,
129,21410,BCE,0.6743,1,,,
130,21437,BCE,1.0126,1,,,
131,21443,BCE,0.8476,1,,,
132,21652,BCE,0.4205,1,,,
133,22176,BCE,1.2684,1,,,
134,22316,Non-BCE,0.3147,1,,,
135,22382,BCE,0.6504,1,,,
136,22620,BCE,0.489,1,,,
137,22621,BCE,1.3603,1,,,
138,22771,BCE,0.8697,1,,,
139,22961,BCE,1.0979,1,,,
140,23077,BCE,0.7681,1,,,
141,23494,BCE,1.4442,1,,,
142,23552,BCE,1.1262,1,,,
143,23562,BCE,0.4776,1,,,
144,23873,BCE,0.9205,1,,,
145,24084,BCE,1.4025,1,,,
146,24158,Non-BCE,0.0784,1,,,
147,24258,BCE,1.3376,1,,,
148,24414,BCE,0.8992,1,,,
149,24844,Non-BCE,0.1404,1,,,
150,25525,BCE,1.1437,1,,,
151,25535,BCE,1.0516,1,,,
152,25802,BCE,1.3771,1,,,
153,25997,Non-BCE,0.1854,1,,,
154,26794,BCE,0.481,1,,,
155,26844,BCE,0.4106,1,,,
156,27480,BCE,1.2127,1,,,
157,27968,BCE,0.7058,1,,,
158,28349,BCE,1.1357,1,,,
159,28437,BCE,0.864,1,,,
160,28804,BCE,0.8795,1,,,
161,28838,BCE,0.6276,1,,,
162,28850,BCE,0.9989,1,,,
163,29861,BCE,1.1778,1,,,
164,29868,BCE,1.2171,1,,,
165,30057,BCE,1.1708,1,,,
166,30318,Non-BCE,0.2612,1,,,
167,30334,BCE,1.3677,1,,,
168,30424,BCE,0.6882,1,,,
169,31382,BCE,1.3987,1,,,
170,31404,BCE,0.5903,1,,,
171,31406,Non-BCE,0.2534,1,,,
172,31436,BCE,1.158,1,,,
173,31553,BCE,0.5695,1,,,
174,31642,BCE,1.2551,1,,,
175,32277,BCE,0.8377,1,,,
176,32384,BCE,1.4816,1,,,
177,32907,BCE,0.8842,1,,,
178,32908,BCE,0.6804,1,,,
179,32909,BCE,1.3805,1,,,
180,32975,BCE,1.2662,1,,,
181,33122,BCE,1.2731,1,,,
182,33123,Non-BCE,0.1167,1,,,
183,33124,BCE,1.333,1,,,
184,33148,BCE,1.149,1,,,
185,33149,BCE,0.4046,1,,,
186,33452,BCE,1.1572,1,,,
187,33732,BCE,0.6369,1,,,
188,33733,BCE,1.2356,1,,,
189,33803,BCE,1.0143,1,,,
190,33923,BCE,1.1761,1,,,
191,33950,BCE,1.1997,1,,,
192,33976,BCE,0.811,1,,,
193,33985,BCE,1.2858,1,,,
194,34697,Non-BCE,0.0192,1,,,
195,34847,Non-BCE,0.0691,1,,,
196,34878,BCE,1.4723,1,,,
197,34950,BCE,1.2795,1,,,
198,34951,BCE,0.4711,1,,,
199,35380,BCE,0.5015,1,,,
200,35433,Non-BCE,0.1094,1,,,
201,35547,BCE,1.0799,1,,,
202,35674,BCE,1.312,1,,,
203,35763,BCE,1.1245,1,,,
204,35780,BCE,1.1596,1,,,
205,35897,BCE,1.3232,1,,,
206,36083,BCE,0.8124,1,,,
207,36152,BCE,0.4018,1,,,
208,36584,BCE,1.0973,1,,,
209,36760,BCE,0.4001,1,,,
210,36761,BCE,1.2715,1,,,
211,36762,BCE,0.9735,1,,,
212,36900,BCE,1.1914,1,,,
213,37997,BCE,0.4583,1,,,
214,38101,BCE,1.3768,1,,,
215,38505,BCE,1.4741,1,,,
216,38582,BCE,0.9999,1,,,
217,38840,BCE,0.6667,1,,,
218,38950,BCE,1.4184,1,,,
219,38962,BCE,0.9069,1,,,
220,39033,BCE,1.3176,1,,,
221,39150,BCE,1.3384,1,,,
222,39156,Non-BCE,0.3409,1,,,
223,39159,BCE,1.2969,1,,,
224,39349,BCE,1.0748,1,,,
225,39964,Non-BCE,0.0544,1,,,
226,40150,BCE,0.7185,1,,,
227,40259,BCE,0.6838,1,,,
228,41215,BCE,1.4783,1,,,
229,41267,BCE,1.3946,1,,,
230,41359,Non-BCE,0.258,1,,,
231,42283,BCE,1.3828,1,,,
232,42306,BCE,1.2149,1,,,
233,42476,BCE,0.4698,1,,,
234,43392,BCE,0.944,1,,,
235,43416,BCE,0.9982,1,,,
236,43705,BCE,1.3202,1,,,
237,43817,BCE,1.158,1,,,
238,44083,BCE,1.3752,1,,,
239,44227,BCE,1.313,1,,,
240,44314,BCE,1.3496,1,,,
241,44339,Non-BCE,0.2358,1,,,
242,44369,BCE,0.5316,1,,,
243,44478,Non-BCE,0.2524,1,,,
244,44654,BCE,1.3311,1,,,
245,44686,BCE,0.5873,1,,,
246,46078,BCE,1.1301,1,,,
247,46285,BCE,1.3107,1,,,
248,46455,BCE,1.3171,1,,,
249,46987,Non-BCE,0.2611,1,,,
250,47020,Non-BCE,0.1102,1,,,
251,47024,BCE,0.7841,1,,,
252,48680,Non-BCE,0.2433,1,,,
253,49076,BCE,1.2052,1,,,
254,49082,BCE,1.4095,1,,,
255,49484,BCE,1.3538,1,,,
256,50079,BCE,1.364,1,,,
257,50121,BCE,0.9466,1,,,
258,50171,BCE,0.8035,1,,,
259,50172,BCE,1.1108,1,,,
260,50407,BCE,1.2677,1,,,
261,50504,BCE,1.0455,1,,,
262,50572,BCE,0.3576,1,,,
263,50584,Non-BCE,0.0565,1,,,
264,50648,BCE,1.2248,1,,,
265,50677,BCE,0.704,1,,,
266,50752,BCE,1.184,1,,,
267,50833,BCE,0.5086,1,,,
268,50846,Non-BCE,0.2258,1,,,
269,50863,BCE,0.8038,1,,,
270,50901,BCE,1.4868,1,,,
271,50954,BCE,1.2056,1,,,
272,51223,BCE,1.4406,1,,,
273,51258,BCE,0.9784,1,,,
274,51539,BCE,0.7248,1,,,
275,51540,BCE,1.1719,1,,,
276,51634,BCE,0.595,1,,,
277,52012,Non-BCE,0.1947,1,,,
278,52105,BCE,1.4148,1,,,
279,52113,BCE,1.3146,1,,,
280,52191,BCE,0.3841,1,,,
281,52194,BCE,0.6993,1,,,
282,52307,Non-BCE,0.3076,1,,,
283,52463,Non-BCE,0.1704,1,,,
284,52829,BCE,1.2459,1,,,
285,53290,BCE,1.2009,1,,,
286,53291,BCE,1.1494,1,,,
287,53334,BCE,0.6446,1,,,
288,53409,BCE,1.0768,1,,,
289,53481,Non-BCE,0.2465,1,,,
290,53498,BCE,1.4049,1,,,
291,53687,Non-BCE,0.0633,1,,,
292,53773,BCE,1.1711,1,,,
293,54145,Non-BCE,0.1647,1,,,
294,54225,BCE,0.6838,1,,,
295,54447,BCE,1.2929,1,,,
296,55078,BCE,1.3346,1,,,
297,55202,Non-BCE,0.0726,1,,,
298,55412,BCE,0.8952,1,,,
299,55473,BCE,1.2381,1,,,
300,55477,BCE,0.3608,1,,,
301,55478,BCE,1.1439,1,,,
302,55479,BCE,1.3217,1,,,
303,55536,BCE,1.2879,1,,,
304,55567,Non-BCE,0.3252,1,,,
305,55575,BCE,0.4632,1,,,
306,55787,BCE,0.9314,1,,,
307,55893,Non-BCE,0.2706,1,,,
308,56145,BCE,1.1173,1,,,
309,56146,BCE,1.2569,1,,,
310,56185,BCE,0.8997,1,,,
311,56186,BCE,0.3783,1,,,
312,56195,BCE,1.2129,1,,,
313,56496,BCE,1.0901,1,,,
314,56675,BCE,1.3213,1,,,
315,56758,BCE,1.0028,1,,,
316,56971,Non-BCE,0.1701,1,,,
317,57012,BCE,0.3666,1,,,
318,57252,BCE,1.353,1,,,
319,57267,BCE,1.1817,1,,,
320,57874,BCE,1.4214,1,,,
321,58038,BCE,0.9207,1,,,
322,58215,BCE,1.2209,1,,,
323,58378,BCE,1.2783,1,,,
324,58670,BCE,1.2077,1,,,
325,58703,BCE,1.475,1,,,
326,59014,Non-BCE,0.2252,1,,,
327,59117,BCE,0.6507,1,,,
328,59243,BCE,1.282,1,,,
329,59430,BCE,0.6285,1,,,
330,59519,BCE,0.5947,1,,,
331,60019,Non-BCE,0.2191,1,,,
332,60267,BCE,1.1024,1,,,
333,60413,BCE,1.3304,1,,,
334,60414,BCE,0.8742,1,,,
335,60453,BCE,1.339,1,,,
336,60658,BCE,1.1453,1,,,
337,61072,Non-BCE,0.2399,1,,,
338,61478,BCE,0.8498,1,,,
339,61479,Non-BCE,0.1426,1,,,
340,62339,BCE,1.0361,1,,,
341,63164,BCE,1.1103,1,,,
342,63168,BCE,1.2756,1,,,
343,63276,BCE,1.379,1,,,
344,64347,BCE,0.5585,1,,,
345,64391,BCE,0.6617,1,,,
346,64582,Non-BCE,0.0779,1,,,
347,65101,BCE,0.8106,1,,,
348,65102,BCE,0.889,1,,,
349,65565,BCE,1.0528,1,,,
350,65586,BCE,0.7141,1,,,
351,65784,BCE,0.8187,1,,,
352,66488,BCE,0.5387,1,,,
353,66759,BCE,0.7904,1,,,
354,67152,BCE,0.9105,1,,,
355,67323,BCE,1.1739,1,,,
356,67324,BCE,1.4302,1,,,
357,67346,BCE,0.6259,1,,,
358,67524,Non-BCE,0.2724,1,,,
359,67866,Non-BCE,0.0308,1,,,
360,67916,BCE,0.9883,1,,,
361,67924,Non-BCE,0.0508,1,,,
362,68001,BCE,1.198,1,,,
363,68058,BCE,1.4675,1,,,
364,68874,Non-BCE,0.1829,1,,,
365,69068,BCE,1.0198,1,,,
366,69399,Non-BCE,0.2088,1,,,
367,69401,BCE,1.3554,1,,,
368,69697,BCE,1.2352,1,,,
369,69827,BCE,0.4081,1,,,
370,70153,BCE,1.2089,1,,,
371,70725,BCE,1.0969,1,,,
372,71559,BCE,1.3625,1,,,
373,71587,BCE,1.2641,1,,,
374,71816,BCE,1.1944,1,,,
375,71955,BCE,1.0785,1,,,
376,72178,BCE,1.3416,1,,,
377,72833,Non-BCE,0.1813,1,,,
378,72935,BCE,1.2882,1,,,
379,73542,BCE,1.1354,1,,,
380,73754,BCE,1.3354,1,,,
381,74062,Non-BCE,0.0142,1,,,
382,74075,BCE,1.1506,1,,,
383,74777,Non-BCE,0.2467,1,,,
384,74778,BCE,1.4804,1,,,
385,75208,BCE,1.2524,1,,,
386,75347,Non-BCE,0.0949,1,,,
387,75411,BCE,1.2077,1,,,
388,75761,BCE,0.6096,1,,,
389,76244,BCE,0.7238,1,,,
390,76310,Non-BCE,0.2677,1,,,
391,76396,Non-BCE,0.3448,1,,,
392,76397,BCE,0.5322,1,,,
393,78111,BCE,1.3501,1,,,
394,78201,BCE,1.3116,1,,,
395,78267,BCE,1.4695,1,,,
396,78279,BCE,1.2778,1,,,
397,95218,BCE,1.2225,1,,,
398,95253,BCE,1.0429,1,,,
399,95300,BCE,1.0936,1,,,
400,95301,BCE,0.771,1,,,
401,95306,BCE,0.5191,1,,,
402,95332,BCE,1.064,1,,,
403,95347,BCE,0.5519,1,,,
404,95357,Non-BCE,0.3084,1,,,
405,95369,BCE,0.5107,1,,,
406,95378,Non-BCE,0.3041,1,,,
407,95389,BCE,1.024,1,,,
408,95461,BCE,0.3618,1,,,
409,95475,BCE,0.7241,1,,,
410,95498,Non-BCE,0.2831,1,,,
411,95537,BCE,0.557,1,,,
412,95545,BCE,0.8099,1,,,
413,95547,BCE,1.0926,1,,,
414,95555,Non-BCE,0.2814,1,,,
415,95564,BCE,1.1095,1,,,
416,95574,BCE,0.795,1,,,
417,95579,Non-BCE,0.3214,1,,,
418,95590,BCE,0.5959,1,,,
419,95595,BCE,0.7323,1,,,
420,95610,BCE,0.8241,1,,,
421,95638,BCE,0.9921,1,,,
422,95652,BCE,1.1791,1,,,
423,95741,BCE,0.7766,1,,,
424,95742,BCE,0.4821,1,,,
425,95898,BCE,1.2921,1,,,
426,95899,BCE,0.9442,1,,,
427,95922,BCE,1.1608,1,,,
428,95946,BCE,0.5232,1,,,
429,96065,Non-BCE,0.0871,1,,,
430,96075,Non-BCE,0.304,1,,,
431,96091,Non-BCE,0.2284,1,,,
432,96113,Non-BCE,0.1676,1,,,
433,96136,Non-BCE,0.176,1,,,
434,96146,Non-BCE,0.1337,1,,,
435,96147,Non-BCE,0.1965,1,,,
436,96178,BCE,1.3594,1,,,
437,96195,Non-BCE,0.2436,1,,,
438,96205,BCE,0.4688,1,,,
439,96285,BCE,1.465,1,,,
440,96362,BCE,1.3969,1,,,
441,96388,Non-BCE,0.1801,1,,,
442,96402,BCE,1.4609,1,,,
443,96438,BCE,0.6438,1,,,
444,96517,Non-BCE,0.2409,1,,,
445,96563,BCE,1.3789,1,,,
446,96569,Non-BCE,0.1267,1,,,
447,96570,Non-BCE,0.1175,1,,,
448,96729,BCE,0.4256,1,,,
449,96779,BCE,0.4069,1,,,
450,96853,Non-BCE,0.1361,1,,,
451,96891,Non-BCE,0.2953,1,,,
452,96968,BCE,1.4588,1,,,
453,96977,BCE,1.3496,1,,,
454,97098,Non-BCE,0.145,1,,,
455,98678,Non-BCE,0.2327,1,,,
456,98688,BCE,1.4278,1,,,
457,98731,BCE,0.6881,1,,,
458,98732,Non-BCE,0.2125,1,,,
459,98735,Non-BCE,0.0895,1,,,
460,98746,BCE,1.0329,1,,,
461,98747,Non-BCE,0.1098,1,,,
462,98748,Non-BCE,0.2063,1,,,
463,98753,BCE,0.4778,1,,,
464,98758,Non-BCE,0.3333,1,,,
465,98765,Non-BCE,0.1801,1,,,
466,98767,BCE,1.2062,1,,,
467,98775,BCE,0.8649,1,,,
468,98785,BCE,1.0486,1,,,
469,98790,Non-BCE,0.2276,1,,,
470,98795,BCE,0.4003,1,,,
471,98808,Non-BCE,0.3446,1,,,
472,98815,BCE,0.6439,1,,,
473,98821,BCE,1.1922,1,,,
474,98835,BCE,1.4318,1,,,
475,98841,BCE,1.1364,1,,,
476,98842,BCE,0.8472,1,,,
477,98843,Non-BCE,0.1626,1,,,
478,98844,BCE,0.6006,1,,,
479,98850,Non-BCE,0.3215,1,,,
480,98855,BCE,1.1389,1,,,
481,98859,Non-BCE,0.1494,1,,,
482,98866,Non-BCE,0.1809,1,,,
483,98867,BCE,1.4603,1,,,
484,98871,BCE,1.2198,1,,,
485,98887,BCE,1.335,1,,,
486,98908,Non-BCE,0.1489,1,,,
487,98910,Non-BCE,0.1029,1,,,
488,98915,BCE,1.1538,1,,,
489,98916,Non-BCE,0.3415,1,,,
490,98927,BCE,1.0672,1,,,
491,98931,BCE,1.0993,1,,,
492,98932,BCE,0.6353,1,,,
493,98933,BCE,0.3688,1,,,
494,98942,BCE,1.3311,1,,,
495,98953,BCE,0.526,1,,,
496,98955,BCE,0.3729,1,,,
497,98957,BCE,1.4643,1,,,
498,98963,Non-BCE,0.1401,1,,,
499,98966,BCE,1.3707,1,,,
500,98971,Non-BCE,0.2117,1,,,
501,98975,Non-BCE,0.0837,1,,,
502,98977,Non-BCE,0.1391,1,,,
503,98979,Non-BCE,0.2307,1,,,
504,98981,BCE,1.3014,1,,,
505,98982,BCE,1.4471,1,,,
506,98985,Non-BCE,0.1751,1,,,
507,98986,BCE,0.4439,1,,,
508,98988,BCE,0.4644,1,,,
509,98990,BCE,1.2955,1,,,
510,99008,BCE,1.4257,1,,,
511,99010,Non-BCE,0.3214,1,,,
512,99013,Non-BCE,0.3272,1,,,
513,99016,Non-BCE,0.3354,1,,,
514,99017,BCE,1.0774,1,,,
515,99029,BCE,1.2608,1,,,
516,99031,BCE,1.4287,1,,,
517,99040,BCE,1.4629,1,,,
518,99048,Non-BCE,0.1531,1,,,
519,99053,Non-BCE,0.1399,1,,,
520,99058,Non-BCE,0.2764,1,,,
521,99063,BCE,0.4396,1,,,
522,99091,Non-BCE,0.2805,1,,,
523,99097,Non-BCE,0.1477,1,,,
524,99100,Non-BCE,0.1171,1,,,
525,99104,BCE,1.4617,1,,,
526,99114,Non-BCE,0.1242,1,,,
527,99117,Non-BCE,0.2967,1,,,
528,99119,BCE,0.3707,1,,,
529,99121,BCE,0.4927,1,,,
530,99122,Non-BCE,0.2282,1,,,
531,99128,BCE,0.4604,1,,,
532,99129,Non-BCE,0.1905,1,,,
533,99140,BCE,0.5,1,,,
534,99141,Non-BCE,0.115,1,,,
535,99142,Non-BCE,0.1343,1,,,
536,99149,BCE,1.4657,1,,,
537,99160,BCE,0.6793,1,,,
538,99161,BCE,0.704,1,,,
539,99167,Non-BCE,0.1688,1,,,
540,99173,Non-BCE,0.1328,1,,,
541,99174,Non-BCE,0.24,1,,,
542,99177,Non-BCE,0.3331,1,,,
543,99180,Non-BCE,0.2326,1,,,
544,99185,Non-BCE,0.2526,1,,,
545,99188,BCE,0.4353,1,,,
546,99189,Non-BCE,0.1338,1,,,
547,99192,Non-BCE,0.1154,1,,,
548,99196,Non-BCE,0.2758,1,,,
549,99198,Non-BCE,0.2845,1,,,
550,99205,Non-BCE,0.1615,1,,,
551,99213,Non-BCE,0.1334,1,,,
552,99217,Non-BCE,0.1297,1,,,
553,99224,BCE,1.0906,1,,,
554,99225,BCE,1.3695,1,,,
555,99233,Non-BCE,0.1453,1,,,
556,99234,Non-BCE,0.2047,1,,,
557,99235,Non-BCE,0.3068,1,,,
558,99237,Non-BCE,0.1085,1,,,
559,99239,Non-BCE,0.3472,1,,,
560,99240,Non-BCE,0.0764,1,,,
561,99241,BCE,0.4373,1,,,
562,99242,Non-BCE,0.0838,1,,,
563,99243,Non-BCE,0.2035,1,,,
564,99247,Non-BCE,0.0608,1,,,
565,99250,Non-BCE,0.1356,1,,,
566,99252,Non-BCE,0.1292,1,,,
567,99253,Non-BCE,0.2773,1,,,
568,99261,BCE,1.423,1,,,
569,99262,Non-BCE,0.2314,1,,,
570,99266,Non-BCE,0.1846,1,,,
571,99267,BCE,0.9561,1,,,
572,99269,Non-BCE,0.2788,1,,,
573,99270,BCE,0.38,1,,,
574,99276,Non-BCE,0.2457,1,,,
575,99277,BCE,0.6107,1,,,
576,99280,Non-BCE,0.0864,1,,,
577,99281,Non-BCE,0.127,1,,,
578,99283,Non-BCE,0.1412,1,,,
579,99286,Non-BCE,0.2163,1,,,
580,99290,Non-BCE,0.0898,1,,,
581,99292,Non-BCE,0.2351,1,,,
582,99293,BCE,0.4438,1,,,
583,99294,Non-BCE,0.212,1,,,
584,99296,BCE,0.4334,1,,,
585,99298,BCE,0.429,1,,,
586,99306,Non-BCE,0.3183,1,,,
587,99312,Non-BCE,0.1772,1,,,
588,99324,BCE,0.3847,1,,,
589,99325,Non-BCE,0.194,1,,,
590,99326,Non-BCE,0.252,1,,,
591,99331,BCE,0.6492,1,,,
592,99344,Non-BCE,0.1804,1,,,
593,99355,Non-BCE,0.1564,1,,,
594,99358,Non-BCE,0.1514,1,,,
595,99363,BCE,1.37,1,,,
596,99364,Non-BCE,0.1102,1,,,
597,99368,Non-BCE,0.1657,1,,,
598,99371,Non-BCE,0.1969,1,,,
599,99372,Non-BCE,0.2387,1,,,
600,99379,Non-BCE,0.0897,1,,,
601,99381,BCE,0.4617,1,,,
602,99383,Non-BCE,0.1573,1,,,
603,99385,BCE,1.3686,1,,,
604,99392,Non-BCE,0.1302,1,,,
605,99393,Non-BCE,0.2379,1,,,
606,99394,BCE,0.58,1,,,
607,99406,Non-BCE,0.0735,1,,,
608,99408,Non-BCE,0.2302,1,,,
609,99420,Non-BCE,0.1447,1,,,
610,99427,Non-BCE,0.1577,1,,,
611,99433,Non-BCE,0.225,1,,,
612,99436,BCE,0.8612,1,,,
613,99438,Non-BCE,0.1551,1,,,
614,99440,Non-BCE,0.069,1,,,
615,99442,BCE,0.5786,1,,,
616,99443,Non-BCE,0.0823,1,,,
617,99445,Non-BCE,0.0989,1,,,
618,99447,Non-BCE,0.2315,1,,,
619,99448,Non-BCE,0.2818,1,,,
620,99451,Non-BCE,0.2989,1,,,
621,99453,Non-BCE,0.1559,1,,,
622,99454,BCE,1.3873,1,,,
623,99464,Non-BCE,0.0441,1,,,
624,99466,Non-BCE,0.0576,1,,,
625,99467,Non-BCE,0.1833,1,,,
626,99480,BCE,0.5329,1,,,
627,99483,Non-BCE,0.283,1,,,
628,99484,Non-BCE,0.2715,1,,,
629,99488,Non-BCE,0.2889,1,,,
630,99496,BCE,1.0352,1,,,
631,99505,BCE,1.3938,1,,,
632,99511,Non-BCE,0.1739,1,,,
633,99513,BCE,0.4183,1,,,
634,99520,BCE,0.395,1,,,
635,99528,BCE,0.626,1,,,
636,99530,Non-BCE,0.3053,1,,,
637,99545,BCE,1.4176,1,,,
638,99546,BCE,0.5708,1,,,
639,99547,BCE,1.0771,1,,,
640,99549,Non-BCE,0.0959,1,,,
641,99556,Non-BCE,0.1313,1,,,
642,99558,Non-BCE,0.1279,1,,,
643,99559,BCE,0.7244,1,,,
644,99560,BCE,0.4686,1,,,
645,99561,Non-BCE,0.2764,1,,,
646,99571,Non-BCE,0.2752,1,,,
647,99572,Non-BCE,0.3324,1,,,
648,99576,BCE,1.4025,1,,,
649,99580,BCE,0.8503,1,,,
650,99581,BCE,0.5667,1,,,
651,99582,Non-BCE,0.1884,1,,,
652,99583,BCE,0.4075,1,,,
653,99587,Non-BCE,0.1424,1,,,
654,99596,Non-BCE,0.2687,1,,,
655,99597,Non-BCE,0.165,1,,,
656,99599,BCE,1.0218,1,,,
657,99602,Non-BCE,0.204,1,,,
658,99605,BCE,0.5882,1,,,
659,99607,BCE,0.7186,1,,,
660,99609,BCE,0.5959,1,,,
661,99616,Non-BCE,0.1185,1,,,
662,99619,Non-BCE,0.1803,1,,,
663,99623,Non-BCE,0.0891,1,,,
664,99625,BCE,0.4784,1,,,
665,99634,BCE,0.5633,1,,,
666,99638,Non-BCE,0.1741,1,,,
667,99645,BCE,0.5309,1,,,
668,99646,Non-BCE,0.2112,1,,,
669,99647,Non-BCE,0.3119,1,,,
670,99653,Non-BCE,0.1446,1,,,
671,99657,Non-BCE,0.1589,1,,,
672,99663,Non-BCE,0.3254,1,,,
673,99665,BCE,0.4275,1,,,
674,99676,Non-BCE,0.1449,1,,,
675,99677,BCE,0.6715,1,,,
676,99679,BCE,1.2723,1,,,
677,99688,Non-BCE,0.1449,1,,,
678,99690,BCE,0.7649,1,,,
679,99692,Non-BCE,0.2015,1,,,
680,99704,BCE,0.7495,1,,,
681,99728,Non-BCE,0.1756,1,,,
682,99729,BCE,0.3552,1,,,
683,99732,BCE,0.3719,1,,,
684,99738,BCE,1.1446,1,,,
685,99750,Non-BCE,0.0549,1,,,
686,99755,BCE,1.4739,1,,,
687,99757,Non-BCE,0.0767,1,,,
688,99762,Non-BCE,0.1691,1,,,
689,99764,BCE,1.1726,1,,,
690,99775,BCE,1.4062,1,,,
691,99778,BCE,0.9881,1,,,
692,99782,BCE,0.744,1,,,
693,99783,Non-BCE,0.2465,1,,,
694,99784,Non-BCE,0.2544,1,,,
695,100137,BCE,0.8974,1,,,
696,100169,BCE,0.6645,1,,,
697,100251,BCE,0.7263,1,,,
698,100312,BCE,1.1535,1,,,
699,100323,BCE,1.3174,1,,,
700,100445,BCE,0.6171,1,,,
701,100462,BCE,0.3951,1,,,
702,100488,BCE,0.5743,1,,,
703,101459,BCE,0.7363,1,,,
704,101493,BCE,0.6343,1,,,
705,101660,BCE,1.0147,1,,,
706,101857,BCE,0.8232,1,,,
707,102143,BCE,0.8425,1,,,
708,102196,BCE,1.2642,1,,,
709,105678,Non-BCE,0.187,1,,,
710,105685,BCE,1.4222,1,,,
711,105700,Non-BCE,0.1955,1,,,
712,105726,Non-BCE,0.3188,1,,,
713,105743,Non-BCE,0.2009,1,,,
714,105746,Non-BCE,0.2121,1,,,
715,105757,BCE,0.3716,1,,,
716,105758,Non-BCE,0.089,1,,,
717,105826,BCE,0.7767,1,,,
718,105872,BCE,0.5132,1,,,
719,105929,Non-BCE,0.1396,1,,,
720,105940,BCE,0.8069,1,,,
721,105975,Non-BCE,0.159,1,,,
722,105977,Non-BCE,0.2049,1,,,
723,105988,Non-BCE,0.2011,1,,,
724,105997,Non-BCE,0.1577,1,,,
725,106008,BCE,0.4121,1,,,
726,106026,Non-BCE,0.1383,1,,,
727,106031,BCE,0.7136,1,,,
728,106032,BCE,0.3791,1,,,
729,106042,Non-BCE,0.1917,1,,,
730,106046,BCE,0.6946,1,,,
731,106048,BCE,1.1524,1,,,
732,106051,BCE,0.718,1,,,
733,106057,BCE,1.4745,1,,,
734,106076,BCE,1.4824,1,,,
735,106086,BCE,0.4255,1,,,
736,106089,BCE,0.8562,1,,,
737,106093,BCE,0.9773,1,,,
738,106104,BCE,0.3651,1,,,
739,106108,BCE,0.5999,1,,,
740,106118,BCE,0.9689,1,,,
741,106122,BCE,1.4075,1,,,
742,106150,BCE,0.6772,1,,,
743,106196,BCE,1.4027,1,,,
744,106968,BCE,1.1323,1,,,
745,107719,BCE,0.5108,1,,,
746,107723,BCE,0.39,1,,,
747,107769,BCE,0.4049,1,,,
748,107770,Non-BCE,0.308,1,,,
749,107772,BCE,1.1267,1,,,
750,107797,BCE,0.6001,1,,,
751,107855,BCE,0.9214,1,,,
752,107871,BCE,0.7791,1,,,
753,107884,BCE,1.1369,1,,,
754,107915,BCE,1.2201,1,,,
755,107920,BCE,0.6109,1,,,
756,107948,BCE,0.8336,1,,,
757,107987,BCE,1.0974,1,,,
758,107988,BCE,1.1139,1,,,
759,108038,BCE,1.0155,1,,,
760,108045,BCE,0.7884,1,,,
761,108063,BCE,0.9534,1,,,
762,108114,BCE,0.732,1,,,
763,108145,BCE,0.685,1,,,
764,108172,BCE,0.8731,1,,,
765,108192,BCE,1.3451,1,,,
766,108193,Non-BCE,0.1496,1,,,
767,108194,BCE,1.1365,1,,,
768,108196,BCE,0.7623,1,,,
769,108197,Non-BCE,0.2533,1,,,
770,108235,BCE,0.5383,1,,,
771,114258,Non-BCE,0.186,1,,,
772,114268,Non-BCE,0.132,1,,,
773,114283,Non-BCE,0.2829,1,,,
774,114293,Non-BCE,0.1106,1,,,
775,114295,Non-BCE,0.107,1,,,
776,114325,BCE,0.4192,1,,,
777,114339,BCE,0.6919,1,,,
778,114342,BCE,1.0235,1,,,
779,114351,Non-BCE,0.1725,1,,,
780,114352,Non-BCE,0.2115,1,,,
781,114359,Non-BCE,0.1484,1,,,
782,114396,BCE,0.7511,1,,,
783,114404,BCE,0.4416,1,,,
784,114425,Non-BCE,0.141,1,,,
785,114442,Non-BCE,0.0885,1,,,
786,114454,Non-BCE,0.1499,1,,,
787,114462,Non-BCE,0.1208,1,,,
788,114467,Non-BCE,0.1552,1,,,
789,114468,Non-BCE,0.1166,1,,,
790,114495,BCE,0.4545,1,,,
791,114508,Non-BCE,0.3051,1,,,
792,114521,BCE,1.0886,1,,,
793,114522,Non-BCE,0.3033,1,,,
794,114529,Non-BCE,0.2675,1,,,
795,114531,BCE,0.5245,1,,,
796,114532,BCE,0.5821,1,,,
797,114543,Non-BCE,0.2184,1,,,
798,114552,BCE,0.5651,1,,,
799,114553,Non-BCE,0.2882,1,,,
800,114555,Non-BCE,0.1375,1,,,
801,114558,BCE,0.5516,1,,,
802,114559,Non-BCE,0.216,1,,,
803,114569,Non-BCE,0.2804,1,,,
804,114586,BCE,0.4043,1,,,
805,114587,BCE,0.3887,1,,,
806,114590,BCE,0.5825,1,,,
807,114610,Non-BCE,0.1515,1,,,
808,114618,BCE,0.9602,1,,,
809,114620,Non-BCE,0.0907,1,,,
810,114627,Non-BCE,0.162,1,,,
811,114650,BCE,1.4295,1,,,
812,114655,Non-BCE,0.1077,1,,,
813,114666,BCE,0.421,1,,,
814,114671,Non-BCE,0.1924,1,,,
815,114676,BCE,0.361,1,,,
816,114680,Non-BCE,0.3186,1,,,
817,114695,Non-BCE,0.3235,1,,,
818,115172,BCE,1.3177,1,,,
819,115173,BCE,1.2751,1,,,
820,115177,BCE,1.4408,1,,,
821,115179,BCE,1.226,1,,,
822,115184,BCE,1.2508,1,,,
823,115185,BCE,1.2896,1,,,
824,115193,BCE,1.3447,1,,,
825,115199,BCE,1.4587,1,,,
826,115204,BCE,1.2413,1,,,
827,115207,BCE,1.3063,1,,,
828,115238,BCE,1.2066,1,,,
829,115261,BCE,1.1776,1,,,
830,115313,BCE,1.2133,1,,,
831,115319,BCE,1.3481,1,,,
832,115338,BCE,1.3823,1,,,
833,115344,BCE,1.2257,1,,,
834,115350,BCE,1.3174,1,,,
835,115355,BCE,1.3412,1,,,
836,115382,BCE,1.2806,1,,,
837,115474,BCE,1.3567,1,,,
838,115518,BCE,1.2879,1,,,
839,115536,BCE,1.297,1,,,
840,115563,BCE,1.3453,1,,,
841,115565,BCE,1.3253,1,,,
842,116691,BCE,1.249,1,,,
843,116695,BCE,0.766,1,,,
844,116740,BCE,1.1512,1,,,
845,116753,BCE,1.1771,1,,,
846,116802,BCE,1.0671,1,,,
847,116820,BCE,0.5385,1,,,
848,116834,BCE,0.9551,1,,,
849,117314,BCE,0.5708,1,,,
850,117327,BCE,0.9282,1,,,
851,117384,BCE,0.7924,1,,,
852,117386,BCE,1.0424,1,,,
853,117387,BCE,1.1765,1,,,
854,117388,BCE,1.2465,1,,,
855,117389,BCE,0.7278,1,,,
856,117408,BCE,0.4484,1,,,
857,117409,BCE,0.4384,1,,,
858,117410,BCE,0.5101,1,,,
859,117411,BCE,0.7017,1,,,
860,125358,BCE,0.3673,1,,,
861,125366,BCE,1.2062,1,,,
862,125442,BCE,1.2377,1,,,
863,125459,BCE,0.3786,1,,,
864,125501,BCE,0.5718,1,,,
865,125509,BCE,0.4361,1,,,
866,125561,BCE,0.918,1,,,
867,125566,BCE,1.2602,1,,,
868,125572,BCE,1.0845,1,,,
869,125573,BCE,0.5478,1,,,
870,125576,BCE,1.3152,1,,,
871,125596,BCE,0.8303,1,,,
872,126519,Non-BCE,0.093,1,,,
873,137395,BCE,1.415,1,,,
874,137514,Non-BCE,0.2873,1,,,
875,137516,Non-BCE,0.3411,1,,,
876,137519,Non-BCE,0.2818,1,,,
877,137527,Non-BCE,0.1414,1,,,
878,137528,Non-BCE,0.2142,1,,,
879,137530,BCE,1.3834,1,,,
880,137538,Non-BCE,0.2717,1,,,
881,137539,Non-BCE,0.1629,1,,,
882,137540,Non-BCE,0.1671,1,,,
883,137542,Non-BCE,0.1629,1,,,
884,137544,Non-BCE,0.2286,1,,,
885,137546,Non-BCE,0.1269,1,,,
886,137550,BCE,0.9807,1,,,
887,137551,Non-BCE,0.2007,1,,,
888,137554,Non-BCE,0.3305,1,,,
889,137555,BCE,0.7285,1,,,
890,137556,Non-BCE,0.212,1,,,
891,137557,Non-BCE,0.3351,1,,,
892,137558,BCE,0.3811,1,,,
893,137566,Non-BCE,0.168,1,,,
894,137568,BCE,1.1992,1,,,
895,137576,Non-BCE,0.3088,1,,,
896,137577,BCE,1.2578,1,,,
897,137579,BCE,0.3567,1,,,
898,137580,Non-BCE,0.3029,1,,,
899,137581,BCE,0.7675,1,,,
900,137586,BCE,0.8397,1,,,
901,138792,BCE,0.9152,1,,,
902,147475,BCE,0.6989,1,,,
903,147483,BCE,1.1238,1,,,
904,147547,BCE,1.1923,1,,,
905,147550,BCE,0.3775,1,,,
906,147560,BCE,0.5546,1,,,
907,147597,Non-BCE,0.16,1,,,
908,147598,BCE,0.5239,1,,,
909,147798,BCE,1.0235,1,,,
910,147852,BCE,0.8687,1,,,
911,147859,BCE,0.6301,1,,,
912,147929,BCE,1.1711,1,,,
913,147948,BCE,0.5514,1,,,
914,147952,BCE,0.4236,1,,,
915,147987,BCE,0.5786,1,,,
916,147997,BCE,0.7651,1,,,
917,148005,BCE,1.2302,1,,,
918,148007,BCE,0.5761,1,,,
919,148069,BCE,1.1333,1,,,
920,148090,BCE,0.5336,1,,,
921,148095,BCE,0.9911,1,,,
922,148210,BCE,0.5487,1,,,
923,148253,BCE,0.4293,1,,,
924,148351,BCE,1.1921,1,,,
925,148389,BCE,1.1619,1,,,
926,148393,Non-BCE,0.2379,1,,,
927,148408,BCE,0.4829,1,,,
928,148458,BCE,1.2393,1,,,
929,148461,BCE,0.4862,1,,,
930,148572,BCE,0.6098,1,,,
931,148579,BCE,0.5185,1,,,
932,148597,BCE,1.2746,1,,,
933,148614,BCE,1.3254,1,,,
934,148641,BCE,1.374,1,,,
935,148649,BCE,0.8797,1,,,
936,148655,BCE,0.4909,1,,,
937,148658,BCE,0.7477,1,,,
938,148670,BCE,1.1117,1,,,
939,148671,BCE,0.9862,1,,,
940,148695,BCE,1.2807,1,,,
941,148698,BCE,0.9002,1,,,
942,148699,BCE,0.9279,1,,,
943,148707,BCE,1.0529,1,,,
944,148737,BCE,1.4346,1,,,
945,148758,BCE,1.1624,1,,,
946,148759,BCE,1.1922,1,,,
947,148762,BCE,1.4223,1,,,
948,148767,BCE,1.1899,1,,,
949,148770,BCE,1.1724,1,,,
950,148834,BCE,1.2914,1,,,
951,148841,BCE,1.3783,1,,,
952,148854,BCE,1.3608,1,,,
953,148855,BCE,1.4177,1,,,
954,148885,BCE,1.2631,1,,,
955,148886,BCE,1.4004,1,,,
956,148933,BCE,1.0334,1,,,
957,148942,BCE,1.3871,1,,,
958,148948,BCE,1.4172,1,,,
959,148966,BCE,0.9447,1,,,
960,148979,BCE,0.4705,1,,,
961,148985,BCE,1.2193,1,,,
962,148992,BCE,0.9117,1,,,
963,148993,BCE,1.2492,1,,,
964,150825,BCE,0.4095,1,,,
965,150838,BCE,1.0028,1,,,
966,150839,BCE,1.3235,1,,,
967,150841,BCE,0.4401,1,,,
968,150879,BCE,1.0911,1,,,
969,150886,BCE,0.4763,1,,,
970,150887,BCE,1.2605,1,,,
971,153821,BCE,0.7988,1,,,
972,153824,BCE,1.159,1,,,
973,153825,BCE,1.2776,1,,,
974,153826,BCE,1.092,1,,,
975,153828,BCE,0.8806,1,,,
976,153829,BCE,1.2882,1,,,
977,153860,BCE,0.5016,1,,,
978,153863,BCE,1.3152,1,,,
979,153886,Non-BCE,0.3472,1,,,
980,156260,BCE,1.1456,1,,,
981,156272,BCE,0.6394,1,,,
982,156291,Non-BCE,0.2266,1,,,
983,156317,Non-BCE,0.1906,1,,,
984,156358,Non-BCE,0.2219,1,,,
985,156394,Non-BCE,0.1414,1,,,
986,156415,BCE,1.0932,1,,,
987,156416,BCE,1.0555,1,,,
988,156421,Non-BCE,0.1584,1,,,
989,156423,Non-BCE,0.0958,1,,,
990,156424,BCE,0.8319,1,,,
991,156425,BCE,0.4516,1,,,
992,156426,BCE,1.0467,1,,,
993,156427,BCE,0.8974,1,,,
994,156430,BCE,0.865,1,,,
995,156435,BCE,0.535,1,,,
996,156444,BCE,0.9765,1,,,
997,156448,Non-BCE,0.133,1,,,
998,157158,BCE,0.4875,1,,,
999,157171,BCE,0.8175,1,,,
1000,157172,BCE,0.5538,1,,,
1001,157186,BCE,1.3162,1,,,
1002,157218,BCE,1.2356,1,,,
1003,157219,BCE,1.2847,1,,,
1004,157220,BCE,1.0473,1,,,
1005,157228,BCE,0.9753,1,,,
1006,157230,BCE,0.9568,1,,,
1007,157280,BCE,0.952,1,,,
1008,157340,BCE,1.3125,1,,,
1009,157343,BCE,1.1484,1,,,
1010,157381,BCE,1.2958,1,,,
1011,157603,BCE,0.8811,1,,,
1012,157725,BCE,0.7455,1,,,
1013,157741,BCE,0.9589,1,,,
1014,157762,BCE,1.1923,1,,,
1015,157770,BCE,1.2026,1,,,
1016,157773,BCE,1.2937,1,,,
1017,157808,BCE,1.1993,1,,,
1018,157811,BCE,1.0188,1,,,
1019,157812,BCE,1.3136,1,,,
1020,157813,BCE,1.3313,1,,,
1021,157833,BCE,1.3281,1,,,
1022,157835,BCE,1.1193,1,,,
1023,157929,BCE,0.9327,1,,,
1024,158291,BCE,1.3066,1,,,
1025,158326,BCE,1.3664,1,,,
1026,158509,BCE,1.0043,1,,,
1027,161607,BCE,0.7791,1,,,
1028,161638,BCE,0.8008,1,,,
1029,161639,BCE,0.8058,1,,,
1030,161648,BCE,1.2363,1,,,
1031,161651,BCE,0.7671,1,,,
1032,161655,BCE,0.8155,1,,,
1033,161656,BCE,0.9535,1,,,
1034,161668,BCE,0.8247,1,,,
1035,161669,BCE,1.0595,1,,,
1036,161676,BCE,0.8129,1,,,
1037,161678,BCE,0.4587,1,,,
1038,161701,BCE,1.2166,1,,,
1039,161702,BCE,0.9083,1,,,
1040,161709,BCE,0.5384,1,,,
1041,161710,BCE,0.7546,1,,,
1042,161722,BCE,0.5793,1,,,
1043,165580,BCE,1.0473,1,,,
1044,165581,BCE,0.8676,1,,,
1045,165583,BCE,1.0637,1,,,
1046,165584,BCE,0.5546,1,,,
1047,165585,BCE,1.1495,1,,,
1048,165587,BCE,0.594,1,,,
1049,165589,BCE,0.7844,1,,,
1050,165590,BCE,0.5348,1,,,
1051,165591,BCE,0.4259,1,,,
1052,165593,BCE,0.9541,1,,,
1053,165594,BCE,1.2306,1,,,
1054,165595,BCE,0.9592,1,,,
1055,165596,BCE,1.1824,1,,,
1056,165597,BCE,1.1354,1,,,
1057,165599,Non-BCE,0.2074,1,,,
1058,165600,Non-BCE,0.3041,1,,,
1059,165601,BCE,1.1015,1,,,
1060,165603,BCE,0.9298,1,,,
1061,165605,BCE,0.6895,1,,,
1062,165606,BCE,1.2269,1,,,
1063,165610,BCE,1.0117,1,,,
1064,165613,BCE,0.9388,1,,,
1065,165614,BCE,1.195,1,,,
1066,165615,Non-BCE,0.2668,1,,,
1067,165616,BCE,0.8709,1,,,
1068,165617,Non-BCE,0.292,1,,,
1069,165618,BCE,0.4893,1,,,
1070,165620,BCE,1.1495,1,,,
1071,165621,BCE,1.1089,1,,,
1072,165622,BCE,1.1697,1,,,
1073,165623,BCE,0.5947,1,,,
1074,165624,BCE,1.0653,1,,,
1075,165625,BCE,0.5982,1,,,
1076,165629,BCE,0.9119,1,,,
1077,165630,BCE,0.5029,1,,,
1078,165632,BCE,0.7674,1,,,
1079,165633,BCE,0.4629,1,,,
1080,165634,BCE,0.684,1,,,
1081,165635,Non-BCE,0.2597,1,,,
1082,165636,BCE,0.3585,1,,,
1083,165639,BCE,0.9516,1,,,
1084,165640,BCE,0.8912,1,,,
1085,165644,BCE,1.1886,1,,,
1086,165645,BCE,0.6694,1,,,
1087,165651,BCE,1.2633,1,,,
1088,165654,BCE,1.257,1,,,
1089,165656,Non-BCE,0.3147,1,,,
1090,165657,BCE,0.6584,1,,,
1091,165658,BCE,0.8155,1,,,
1092,165659,BCE,0.7838,1,,,
1093,165660,BCE,1.0931,1,,,
1094,165661,BCE,0.8544,1,,,
1095,165662,BCE,0.3857,1,,,
1096,165663,BCE,1.1616,1,,,
1097,165664,BCE,0.3771,1,,,
1098,165665,BCE,1.1163,1,,,
1099,165666,BCE,1.2739,1,,,
1100,165667,BCE,0.7034,1,,,
1101,165670,BCE,0.8315,1,,,
1102,165673,BCE,1.1432,1,,,
1103,165674,BCE,1.1495,1,,,
1104,165676,BCE,1.1033,1,,,
1105,165677,BCE,0.8175,1,,,
1106,165678,BCE,1.217,1,,,
1107,165680,BCE,1.1418,1,,,
1108,165681,BCE,0.6405,1,,,
1109,165682,BCE,0.6832,1,,,
1110,165683,BCE,0.7884,1,,,
1111,165684,BCE,0.604,1,,,
1112,165685,BCE,0.5598,1,,,
1113,165686,BCE,1.1676,1,,,
1114,165687,BCE,0.5759,1,,,
1115,165688,BCE,1.134,1,,,
1116,165690,BCE,1.189,1,,,
1117,168729,Non-BCE,0.1385,1,,,
1118,169691,BCE,1.3253,1,,,
1119,169777,BCE,0.5253,1,,,
1120,174088,BCE,0.4378,1,,,
1121,174135,BCE,0.4432,1,,,
1122,174149,BCE,1.4082,1,,,
1123,174256,Non-BCE,0.2181,1,,,
1124,177592,BCE,0.5452,1,,,
1125,177594,BCE,0.5826,1,,,
1126,177604,BCE,0.5618,1,,,
1127,177625,BCE,1.2568,1,,,
1128,177644,BCE,0.4735,1,,,
1129,177663,BCE,1.1749,1,,,
1130,177678,BCE,1.0495,1,,,
1131,177684,BCE,0.7746,1,,,
1132,177710,BCE,0.8286,1,,,
1133,177721,BCE,0.8417,1,,,
1134,177730,BCE,0.9371,1,,,
1135,177778,BCE,0.4582,1,,,
1136,177799,BCE,0.8735,1,,,
1137,177800,BCE,1.305,1,,,
1138,177836,BCE,0.4019,1,,,
1139,177863,BCE,0.4026,1,,,
1140,177877,BCE,1.1735,1,,,
1141,177886,BCE,1.204,1,,,
1142,177908,BCE,1.2849,1,,,
1143,177949,BCE,0.6869,1,,,
1144,177976,BCE,1.0287,1,,,
1145,177977,BCE,0.9372,1,,,
1146,178006,BCE,0.5674,1,,,
1147,178012,BCE,1.2189,1,,,
1148,178018,BCE,0.8895,1,,,
1149,178019,BCE,1.2099,1,,,
1150,178052,BCE,0.8468,1,,,
1151,178524,BCE,1.2947,1,,,
1152,178630,BCE,1.3226,1,,,
1153,178685,BCE,1.3896,1,,,
1154,178690,BCE,1.1984,1,,,
1155,178692,BCE,1.328,1,,,
1156,178767,BCE,1.3023,1,,,
1157,178803,BCE,1.0882,1,,,
1158,178938,BCE,1.3128,1,,,
1159,178961,BCE,1.3005,1,,,
1160,178965,BCE,1.3639,1,,,
1161,179034,BCE,1.3839,1,,,
1162,179200,BCE,1.335,1,,,
1163,179248,BCE,1.2609,1,,,
1164,179263,BCE,0.8691,1,,,
1165,179296,BCE,1.3302,1,,,
1166,179373,BCE,1.3114,1,,,
1167,179375,BCE,1.2526,1,,,
1168,179376,BCE,1.3506,1,,,
1169,179386,BCE,1.2866,1,,,
1170,179390,BCE,1.3319,1,,,
1171,179407,BCE,1.3131,1,,,
1172,179441,BCE,1.2963,1,,,
1173,179446,BCE,1.236,1,,,
1174,179493,BCE,1.2874,1,,,
1175,179519,BCE,1.34,1,,,
1176,179520,BCE,1.3669,1,,,
1177,179605,BCE,0.6206,1,,,
1178,190397,Non-BCE,0.1517,1,,,
1179,190398,Non-BCE,0.3011,1,,,
1180,190403,Non-BCE,0.2063,1,,,
1181,190408,Non-BCE,0.1083,1,,,
1182,190431,Non-BCE,0.093,1,,,
1183,190445,Non-BCE,0.1277,1,,,
1184,190447,Non-BCE,0.2272,1,,,
1185,190448,Non-BCE,0.1144,1,,,
1186,190475,Non-BCE,0.2138,1,,,
1187,190478,Non-BCE,0.2555,1,,,
1188,190530,Non-BCE,0.1561,1,,,
1189,190531,Non-BCE,0.3168,1,,,
1190,190541,Non-BCE,0.2055,1,,,
1191,190544,Non-BCE,0.1183,1,,,
1192,190562,Non-BCE,0.2433,1,,,
1193,190571,Non-BCE,0.0885,1,,,
1194,190572,Non-BCE,0.1232,1,,,
1195,190579,Non-BCE,0.1973,1,,,
1196,190580,Non-BCE,0.1696,1,,,
1197,190597,Non-BCE,0.2562,1,,,
1198,190700,BCE,1.1372,1,,,
1199,190702,BCE,1.3256,1,,,
1200,190706,BCE,1.1824,1,,,
1201,190707,BCE,1.0745,1,,,
1202,190708,BCE,1.1635,1,,,
1203,190716,BCE,1.1068,1,,,
1204,190719,BCE,1.3891,1,,,
1205,190724,BCE,0.6476,1,,,
1206,190729,BCE,1.2334,1,,,
1207,190734,BCE,1.1964,1,,,
1208,190740,BCE,1.3501,1,,,
1209,190741,BCE,0.8317,1,,,
1210,190745,BCE,0.7465,1,,,
1211,190746,BCE,1.2315,1,,,
1212,190748,BCE,0.379,1,,,
1213,190749,BCE,1.2895,1,,,
1214,190750,BCE,1.2647,1,,,
1215,190753,BCE,1.186,1,,,
1216,190754,BCE,1.3126,1,,,
1217,190755,BCE,1.4103,1,,,
1218,190756,BCE,1.4374,1,,,
1219,190757,BCE,0.6249,1,,,
1220,190758,BCE,0.8969,1,,,
1221,190760,BCE,0.9629,1,,,
1222,190764,BCE,1.099,1,,,
1223,190766,BCE,1.2438,1,,,
1224,190767,BCE,1.3608,1,,,
1225,190771,BCE,0.7444,1,,,
1226,190776,BCE,0.4286,1,,,
1227,190777,BCE,1.0054,1,,,
1228,190780,BCE,1.2617,1,,,
1229,190781,BCE,1.106,1,,,
1230,190784,BCE,1.3474,1,,,
1231,190785,BCE,1.3712,1,,,
1232,190791,BCE,1.321,1,,,
1233,190796,BCE,0.7595,1,,,
1234,190802,Non-BCE,0.2986,1,,,
1235,190804,BCE,0.8058,1,,,
1236,190808,BCE,1.0838,1,,,
1237,190811,BCE,1.0363,1,,,
1238,190820,BCE,1.299,1,,,
1239,190848,BCE,1.2362,1,,,
1240,190849,BCE,1.2933,1,,,
1241,190850,BCE,1.2917,1,,,
1242,190854,BCE,1.194,1,,,
1243,190869,BCE,0.7695,1,,,
1244,190875,BCE,1.0366,1,,,
1245,190876,BCE,1.3906,1,,,
1246,190877,BCE,1.3182,1,,,
1247,190878,BCE,1.1572,1,,,
1248,190882,BCE,0.532,1,,,
1249,190885,BCE,1.3648,1,,,
1250,190890,BCE,0.8155,1,,,
1251,190893,BCE,1.2174,1,,,
1252,190895,BCE,1.1638,1,,,
1253,190896,BCE,1.3915,1,,,
1254,190897,BCE,1.3416,1,,,
1255,190898,BCE,1.4329,1,,,
1256,190899,BCE,1.4222,1,,,
1257,190900,BCE,1.4498,1,,,
1258,190904,BCE,1.4275,1,,,
1259,190905,BCE,0.963,1,,,
1260,190906,BCE,0.9979,1,,,
1261,190907,BCE,1.2939,1,,,
1262,190909,BCE,1.2157,1,,,
1263,190924,BCE,1.4228,1,,,
1264,190925,BCE,1.3924,1,,,
1265,190926,BCE,1.411,1,,,
1266,190929,BCE,1.3739,1,,,
1267,190930,BCE,1.3341,1,,,
1268,190931,BCE,1.4214,1,,,
1269,190932,BCE,1.4073,1,,,
1270,190933,BCE,1.4097,1,,,
1271,190937,BCE,1.4124,1,,,
1272,190938,BCE,1.3156,1,,,
1273,190939,BCE,1.3779,1,,,
1274,190942,BCE,0.9586,1,,,
1275,190946,BCE,1.2099,1,,,
1276,190947,BCE,1.3719,1,,,
1277,190949,BCE,0.7108,1,,,
1278,190952,BCE,1.0576,1,,,
1279,190954,BCE,1.3585,1,,,
1280,190966,BCE,1.0991,1,,,
1281,190967,BCE,1.2497,1,,,
1282,190971,BCE,1.2169,1,,,
1283,190973,BCE,0.9859,1,,,
1284,190983,BCE,1.1909,1,,,
1285,190987,BCE,1.2849,1,,,
1286,190988,BCE,1.1419,1,,,
1287,190990,BCE,1.3469,1,,,
1288,190999,BCE,1.3082,1,,,
1289,191006,BCE,1.1659,1,,,
1290,191010,BCE,1.3278,1,,,
1291,191015,BCE,1.149,1,,,
1292,191029,BCE,1.3575,1,,,
1293,191030,BCE,1.2927,1,,,
1294,191031,BCE,1.1886,1,,,
1295,191032,BCE,1.3485,1,,,
1296,196335,BCE,0.9532,1,,,
1297,196384,BCE,0.597,1,,,
1298,196436,BCE,0.5829,1,,,
1299,196449,Non-BCE,0.2849,1,,,
1300,196458,BCE,1.3499,1,,,
1301,196494,BCE,1.105,1,,,
1302,196500,BCE,0.6951,1,,,
1303,196507,BCE,1.1033,1,,,
1304,196517,BCE,0.9641,1,,,
1305,196521,BCE,0.8699,1,,,
1306,196526,BCE,0.7627,1,,,
1307,196527,BCE,1.0293,1,,,
1308,196529,BCE,0.6497,1,,,
1309,196531,Non-BCE,0.2639,1,,,
1310,196533,BCE,1.2757,1,,,
1311,196535,BCE,0.4379,1,,,
1312,196560,BCE,1.1496,1,,,
1313,196566,BCE,1.2333,1,,,
1314,196568,BCE,0.4213,1,,,
1315,196573,Non-BCE,0.3397,1,,,
1316,196583,BCE,0.4406,1,,,
1317,196589,BCE,0.431,1,,,
1318,196601,Non-BCE,0.2688,1,,,
1319,196602,Non-BCE,0.2997,1,,,
1320,196632,BCE,1.3032,1,,,
1321,196634,BCE,0.5928,1,,,
1322,196636,BCE,0.4243,1,,,
1323,196637,BCE,1.3205,1,,,
1324,196639,BCE,1.2956,1,,,
1325,196640,BCE,0.4548,1,,,
1326,196645,BCE,0.4281,1,,,
1327,196650,Non-BCE,0.333,1,,,
1328,196652,BCE,0.83,1,,,
1329,196655,BCE,0.8139,1,,,
1330,196656,BCE,0.5823,1,,,
1331,196657,BCE,1.3325,1,,,
1332,196660,BCE,0.834,1,,,
1333,196661,Non-BCE,0.1944,1,,,
1334,196662,Non-BCE,0.3,1,,,
1335,196675,BCE,1.1989,1,,,
1336,196677,BCE,1.1892,1,,,
1337,196690,BCE,1.3051,1,,,
1338,196705,BCE,0.5992,1,,,
1339,196736,BCE,1.0182,1,,,
1340,196745,BCE,1.085,1,,,
1341,196747,BCE,1.3565,1,,,
1342,196751,BCE,1.0852,1,,,
1343,196768,BCE,0.8117,1,,,
1344,196772,BCE,0.6503,1,,,
1345,196773,BCE,0.7125,1,,,
1346,196777,BCE,1.2575,1,,,
1347,196778,BCE,1.2407,1,,,
1348,196792,BCE,0.4527,1,,,
1349,196793,BCE,1.0412,1,,,
1350,196798,BCE,1.1556,1,,,
1351,196803,BCE,1.3086,1,,,
1352,196804,BCE,0.7912,1,,,
1353,196813,BCE,1.2927,1,,,
1354,196826,BCE,1.235,1,,,
1355,196829,BCE,1.2048,1,,,
1356,196839,BCE,0.6619,1,,,
1357,196848,BCE,0.6471,1,,,
1358,196849,BCE,1.2808,1,,,
1359,196851,BCE,1.1644,1,,,
1360,196854,BCE,1.3156,1,,,
1361,196855,BCE,0.9622,1,,,
1362,196860,BCE,1.2272,1,,,
1363,196878,BCE,0.6104,1,,,
1364,196886,Non-BCE,0.3238,1,,,
1365,196892,BCE,0.4604,1,,,
1366,196894,BCE,0.7697,1,,,
1367,196901,BCE,1.0076,1,,,
1368,196907,BCE,1.2492,1,,,
1369,196913,BCE,1.0132,1,,,
1370,196917,BCE,1.2971,1,,,
1371,196918,BCE,1.3015,1,,,
1372,221871,BCE,1.3359,1,,,
1373,222020,BCE,1.3791,1,,,
1374,222157,BCE,1.2487,1,,,
1375,222188,BCE,1.3069,1,,,
1376,222193,BCE,1.3202,1,,,
1377,222265,BCE,1.2105,1,,,
1378,223163,BCE,1.1791,1,,,
1379,223354,BCE,1.2414,1,,,
1380,223357,BCE,1.3434,1,,,
1381,223358,BCE,1.3345,1,,,
1382,223421,BCE,0.8011,1,,,
1383,223495,BCE,1.3641,1,,,
1384,223496,BCE,1.3354,1,,,
1385,223503,BCE,1.3218,1,,,
1386,223605,BCE,1.3003,1,,,
1387,224095,BCE,1.3751,1,,,
1388,224230,BCE,1.3004,1,,,
1389,224231,BCE,1.318,1,,,
1390,224315,BCE,1.3331,1,,,
1391,224456,BCE,1.3061,1,,,
1392,227753,BCE,1.3743,1,,,
1393,227760,BCE,1.0482,1,,,
1394,227768,BCE,1.3104,1,,,
1395,227786,BCE,1.3615,1,,,
1396,227804,BCE,1.3316,1,,,
1397,227823,BCE,1.3875,1,,,
1398,227852,BCE,1.3861,1,,,
1399,227864,BCE,1.2935,1,,,
1400,229605,BCE,1.3084,1,,,
1401,229619,BCE,1.3655,1,,,
1402,229632,BCE,1.1289,1,,,
1403,229643,BCE,1.2641,1,,,
1404,229673,BCE,1.351,1,,,
1405,229674,BCE,1.3493,1,,,
1406,229677,BCE,1.3073,1,,,
1407,229682,BCE,1.2531,1,,,
1408,229689,BCE,1.2223,1,,,
1409,229693,BCE,1.3345,1,,,
1410,229694,Non-BCE,0.152,1,,,
1411,229710,BCE,1.2894,1,,,
1412,229726,BCE,0.6611,1,,,
1413,229727,BCE,1.3291,1,,,
1414,229732,BCE,1.289,1,,,
1415,229741,BCE,0.3545,1,,,
1416,229748,BCE,1.3044,1,,,
1417,229750,BCE,0.6463,1,,,
1418,229753,BCE,0.9801,1,,,
1419,229754,BCE,0.4369,1,,,
1420,229759,BCE,0.9707,1,,,
1421,229760,BCE,1.0891,1,,,
1422,229762,BCE,1.3132,1,,,
1423,229767,BCE,1.3628,1,,,
1424,229781,BCE,0.9279,1,,,
1425,229782,BCE,1.1412,1,,,
1426,229792,Non-BCE,0.1212,1,,,
1427,229793,Non-BCE,0.1184,1,,,
1428,229794,Non-BCE,0.1823,1,,,
1429,229803,BCE,1.2956,1,,,
1430,229804,BCE,1.1467,1,,,
1431,229806,BCE,0.3697,1,,,
1432,229820,BCE,1.459,1,,,
1433,229825,BCE,1.2306,1,,,
1434,229826,BCE,1.2775,1,,,
1435,229827,BCE,1.3085,1,,,
1436,229828,BCE,1.2975,1,,,
1437,229846,Non-BCE,0.1657,1,,,
1438,229856,BCE,1.3466,1,,,
1439,229857,BCE,1.1031,1,,,
1440,229858,BCE,1.168,1,,,
1441,229860,BCE,1.3775,1,,,
1442,229861,BCE,1.3229,1,,,
1443,230200,BCE,1.2222,1,,,
1444,230201,BCE,1.3467,1,,,
1445,230202,BCE,1.3318,1,,,
1446,230205,BCE,1.2074,1,,,
1447,230206,BCE,1.316,1,,,
1448,230207,BCE,1.3618,1,,,
1449,230208,BCE,1.1392,1,,,
1450,230209,BCE,1.2293,1,,,
1451,230210,BCE,1.3304,1,,,
1452,230213,BCE,1.2481,1,,,
1453,230214,BCE,1.2756,1,,,
1454,230215,BCE,1.2229,1,,,
1455,230216,BCE,1.2644,1,,,
1456,230219,BCE,1.3386,1,,,
1457,230220,BCE,1.3432,1,,,
1458,230221,BCE,1.3554,1,,,
1459,230222,BCE,1.3308,1,,,
1460,230225,BCE,1.0568,1,,,
1461,230226,BCE,1.1903,1,,,
1462,230227,BCE,1.1722,1,,,
1463,230228,BCE,1.0436,1,,,
1464,230233,BCE,1.2798,1,,,
1465,230234,BCE,1.1843,1,,,
1466,230235,BCE,1.2254,1,,,
1467,230237,BCE,1.2791,1,,,
1468,230238,Non-BCE,0.2921,1,,,
1469,230239,BCE,0.8118,1,,,
1470,230241,BCE,1.0264,1,,,
1471,230242,BCE,1.2542,1,,,
1472,230243,BCE,1.1078,1,,,
1473,230244,BCE,1.3595,1,,,
1474,230245,BCE,0.7507,1,,,
1475,230248,BCE,1.2999,1,,,
1476,230251,BCE,1.2861,1,,,
1477,230252,BCE,1.3489,1,,,
1478,230254,BCE,1.0089,1,,,
1479,230255,BCE,1.3088,1,,,
1480,230257,BCE,1.3748,1,,,
1481,230258,BCE,1.2764,1,,,
1482,230259,BCE,1.2372,1,,,
1483,230260,BCE,1.3009,1,,,
1484,230261,BCE,1.3378,1,,,
1485,230262,BCE,1.3022,1,,,
1486,230263,BCE,1.2197,1,,,
1487,230264,BCE,1.3354,1,,,
1488,230265,BCE,1.2444,1,,,
1489,230266,BCE,1.3889,1,,,
1490,230267,BCE,1.2918,1,,,
1491,230268,BCE,1.2264,1,,,
1492,230583,BCE,1.4384,1,,,
1493,230591,BCE,1.4116,1,,,
1494,233452,Non-BCE,0.3357,1,,,
1495,233634,Non-BCE,0.3129,1,,,
1496,233645,BCE,0.5064,1,,,
1497,241140,BCE,1.3132,1,,,
1498,241161,BCE,1.0242,1,,,
1499,241179,BCE,1.2832,1,,,
1500,241183,BCE,1.2567,1,,,
1501,241187,BCE,1.1393,1,,,
1502,241188,BCE,1.336,1,,,
1503,241196,BCE,1.2971,1,,,
1504,241198,BCE,1.2591,1,,,
1505,241281,BCE,1.2738,1,,,
1506,241322,BCE,1.2565,1,,,
1507,241323,BCE,1.2587,1,,,
1508,241324,BCE,1.2715,1,,,
1509,241337,BCE,1.2849,1,,,
1510,241339,BCE,1.0208,1,,,
1511,241344,BCE,1.2943,1,,,
1512,241345,BCE,1.3322,1,,,
1513,241350,BCE,1.3382,1,,,
1514,241355,BCE,0.9233,1,,,
1515,241365,BCE,0.7115,1,,,
1516,241367,BCE,1.1675,1,,,
1517,241368,BCE,1.2577,1,,,
1518,241369,BCE,0.9302,1,,,
1519,241371,BCE,1.2278,1,,,
1520,241484,BCE,1.2259,1,,,
1521,241538,BCE,1.1642,1,,,
1522,241540,BCE,1.2911,1,,,
1523,241541,BCE,0.8192,1,,,
1524,241546,BCE,1.1225,1,,,
1525,241557,BCE,1.2792,1,,,
1526,243783,BCE,1.1999,1,,,
1527,243784,BCE,0.3558,1,,,
1528,243785,Non-BCE,0.3284,1,,,
1529,243786,BCE,1.173,1,,,
1530,243787,BCE,1.1613,1,,,
1531,243788,BCE,1.0993,1,,,
1532,243790,BCE,1.3565,1,,,
1533,243811,Non-BCE,0.3036,1,,,
1534,243812,BCE,0.7442,1,,,
1535,243816,BCE,1.3531,1,,,
1536,243820,BCE,1.293,1,,,
1537,243832,BCE,0.5842,1,,,
1538,243833,BCE,1.2779,1,,,
1539,243851,BCE,1.2052,1,,,
1540,419586,BCE,1.0734,1,,,
1541,419588,BCE,1.2788,1,,,
1542,419589,BCE,1.2788,1,,,
1543,420120,BCE,1.3427,1,,,
1544,420808,BCE,0.4858,1,,,
1545,420907,Non-BCE,0.146,1,,,
1546,420973,Non-BCE,0.1516,1,,,
1547,421060,Non-BCE,0.3098,1,,,
1548,421119,Non-BCE,0.2375,1,,,
1549,421485,BCE,0.7448,1,,,
1550,421529,Non-BCE,0.0394,1,,,
1551,423675,BCE,0.675,1,,,
1552,423685,BCE,0.3706,1,,,
1553,423716,BCE,0.9922,1,,,
1554,423729,BCE,1.0039,1,,,
1555,423767,BCE,0.934,1,,,
1556,434746,BCE,0.8945,1,,,
1557,434747,BCE,0.8945,1,,,
1558,434773,BCE,0.9158,1,,,
1559,434774,BCE,0.9158,1,,,
1560,443593,BCE,0.9041,1,,,
1561,445358,Non-BCE,0.3208,1,,,
1562,450433,BCE,0.86,1,,,
1563,450434,BCE,0.6671,1,,,
1564,450438,BCE,1.2454,1,,,
1565,450441,BCE,0.3512,1,,,
1566,450448,BCE,0.4697,1,,,
1567,450450,BCE,1.1682,1,,,
1568,450452,BCE,0.9821,1,,,
1569,450463,BCE,0.8427,1,,,
1570,450474,BCE,0.5105,1,,,
1571,450487,BCE,1.1747,1,,,
1572,450546,BCE,1.1994,1,,,
1573,450550,BCE,0.6808,1,,,
1574,450575,BCE,0.6847,1,,,
1575,450579,BCE,0.5849,1,,,
1576,450607,BCE,0.4114,1,,,
1577,450621,BCE,1.3217,1,,,
1578,450632,BCE,1.2175,1,,,
1579,450633,BCE,1.0053,1,,,
1580,450657,BCE,0.9839,1,,,
1581,450663,Non-BCE,0.3433,1,,,
1582,450668,BCE,0.6763,1,,,
1583,450675,BCE,1.0567,1,,,
1584,450678,BCE,1.0029,1,,,
1585,450684,BCE,0.5589,1,,,
1586,450688,BCE,0.9026,1,,,
1587,450691,BCE,0.3593,1,,,
1588,450692,Non-BCE,0.3366,1,,,
1589,450699,BCE,0.7125,1,,,
1590,450711,BCE,1.1712,1,,,
1591,450719,BCE,0.3671,1,,,
1592,450721,BCE,0.3609,1,,,
1593,450727,BCE,1.018,1,,,
1594,450740,BCE,1.0507,1,,,
1595,450791,BCE,0.8668,1,,,
1596,450793,BCE,0.611,1,,,
1597,450802,BCE,1.0981,1,,,
1598,450807,BCE,0.6454,1,,,
1599,450816,BCE,0.6984,1,,,
1600,450817,BCE,0.9729,1,,,
1601,450826,BCE,0.4579,1,,,
1602,450832,BCE,0.3836,1,,,
1603,450834,Non-BCE,0.3034,1,,,
1604,450840,BCE,1.0141,1,,,
1605,450846,BCE,1.2478,1,,,
1606,450847,BCE,0.3885,1,,,
1607,450858,BCE,0.8024,1,,,
1608,450867,BCE,0.5044,1,,,
1609,450880,BCE,1.2801,1,,,
1610,450882,BCE,1.2079,1,,,
1611,450892,BCE,1.0428,1,,,
1612,450900,BCE,1.0734,1,,,
1613,450903,BCE,0.7186,1,,,
1614,450959,BCE,1.1941,1,,,
1615,450963,BCE,0.6379,1,,,
1616,450966,BCE,0.6815,1,,,
1617,450997,BCE,0.6361,1,,,
1618,451058,BCE,0.6537,1,,,
1619,451066,BCE,1.0834,1,,,
1620,451075,BCE,1.3021,1,,,
1621,451081,BCE,0.688,1,,,
1622,451085,BCE,0.705,1,,,
1623,451089,BCE,0.9783,1,,,
1624,451090,BCE,0.7662,1,,,
1625,451102,BCE,1.2875,1,,,
1626,451104,BCE,1.2994,1,,,
1627,451115,BCE,1.1259,1,,,
1628,451116,BCE,1.2841,1,,,
1629,451121,BCE,0.4685,1,,,
1630,451123,BCE,0.6281,1,,,
1631,451126,BCE,1.2941,1,,,
1632,451132,BCE,0.7938,1,,,
1633,451134,BCE,0.9132,1,,,
1634,451152,BCE,0.9634,1,,,
1635,451179,BCE,1.1939,1,,,
1636,451187,BCE,0.6917,1,,,
1637,451193,BCE,0.6367,1,,,
1638,451201,Non-BCE,0.2712,1,,,
1639,451206,BCE,1.2357,1,,,
1640,451207,BCE,0.4644,1,,,
1641,451209,BCE,1.1589,1,,,
1642,451218,BCE,1.0839,1,,,
1643,451220,BCE,1.2939,1,,,
1644,451221,BCE,0.3804,1,,,
1645,451234,BCE,0.354,1,,,
1646,451237,BCE,1.064,1,,,
1647,451240,BCE,1.2332,1,,,
1648,489568,Non-BCE,0.314,1,,,
1649,510843,BCE,1.1068,1,,,
1650,511944,BCE,1.3219,1,,,
1651,512278,BCE,1.4681,1,,,
1652,514347,BCE,1.0623,1,,,
1653,514924,BCE,1.3668,1,,,
1654,515263,BCE,1.484,1,,,
1655,515829,BCE,1.4522,1,,,
1656,516955,BCE,0.6624,1,,,
1657,517356,BCE,1.4639,1,,,
1658,518033,BCE,1.4582,1,,,
1659,519675,BCE,1.3589,1,,,
1660,521205,BCE,1.0914,1,,,
1661,521906,BCE,1.1657,1,,,
1662,522386,BCE,0.653,1,,,
1663,522544,BCE,1.2025,1,,,
1664,522963,BCE,1.4675,1,,,
1665,523002,BCE,1.1459,1,,,
1666,523259,BCE,0.8521,1,,,
1667,523405,BCE,1.315,1,,,
1668,523624,BCE,0.547,1,,,
1669,523762,BCE,1.4606,1,,,
1670,523787,BCE,1.4418,1,,,
1671,523922,BCE,1.3616,1,,,
1672,524091,BCE,0.8355,1,,,
1673,524226,BCE,1.4915,1,,,
1674,524784,BCE,1.3909,1,,,
1675,525045,BCE,1.2904,1,,,
1676,525320,BCE,1.4854,1,,,
1677,525347,BCE,1.4506,1,,,
1678,525381,BCE,1.165,1,,,
1679,526585,BCE,1.3186,1,,,
1680,530098,BCE,1.4863,1,,,
1681,535661,BCE,1.2662,1,,,
1682,536236,BCE,1.2873,1,,,
1683,537779,BCE,1.324,1,,,
1684,538646,BCE,1.434,1,,,
1685,538669,BCE,1.2855,1,,,
1686,538675,BCE,1.4264,1,,,
1687,538677,BCE,1.382,1,,,
1688,538693,BCE,0.3732,1,,,
1689,538698,BCE,1.1787,1,,,
1690,538733,Non-BCE,0.3443,1,,,
1691,538745,BCE,1.3111,1,,,
1692,538776,BCE,1.4691,1,,,
1693,540345,Non-BCE,0.1726,1,,,
1694,540385,Non-BCE,0.1553,1,,,
1695,540386,Non-BCE,0.095,1,,,
1696,540387,Non-BCE,0.1791,1,,,
1697,540393,Non-BCE,0.1131,1,,,
1698,540406,Non-BCE,0.0911,1,,,
1699,540436,BCE,1.1719,1,,,
1700,540443,BCE,0.468,1,,,
1701,540451,Non-BCE,0.0995,1,,,
1702,540454,Non-BCE,0.136,1,,,
1703,540516,Non-BCE,0.0925,1,,,
1704,540521,Non-BCE,0.165,1,,,
1705,540540,BCE,1.2606,1,,,
1706,540565,Non-BCE,0.1364,1,,,
1707,540582,BCE,1.3339,1,,,
1708,540616,BCE,0.9291,1,,,
1709,546721,BCE,1.3115,1,,,
1710,546725,BCE,1.2838,1,,,
1711,546726,BCE,1.3002,1,,,
1712,546728,BCE,1.2997,1,,,
1713,546731,BCE,1.3294,1,,,
1714,546739,BCE,0.8838,1,,,
1715,546744,BCE,0.6746,1,,,
1716,546752,BCE,1.2972,1,,,
1717,546756,BCE,1.3956,1,,,
1718,546758,BCE,0.742,1,,,
1719,547141,BCE,0.8853,1,,,
1720,547144,BCE,1.2224,1,,,
1721,547145,BCE,1.2045,1,,,
1722,547146,BCE,0.5642,1,,,
1723,547147,BCE,1.0126,1,,,
1724,547148,BCE,1.2993,1,,,
1725,547150,BCE,1.3206,1,,,
1726,547155,BCE,1.0666,1,,,
1727,547158,BCE,1.1632,1,,,
1728,547159,BCE,1.2487,1,,,
1729,547164,BCE,0.9867,1,,,
1730,547165,BCE,1.3452,1,,,
1731,547170,BCE,1.2479,1,,,
1732,547176,BCE,1.3042,1,,,
1733,547179,BCE,1.3169,1,,,
1734,547181,BCE,1.1416,1,,,
1735,547183,BCE,1.3114,1,,,
1736,547184,BCE,0.8191,1,,,
1737,547190,BCE,1.1295,1,,,
1738,547206,BCE,0.6933,1,,,
1739,547214,BCE,0.8317,1,,,
1740,547215,BCE,0.6228,1,,,
1741,547216,BCE,0.8388,1,,,
1742,547219,BCE,0.9243,1,,,
1743,547220,BCE,1.0269,1,,,
1744,547225,BCE,1.2287,1,,,
1745,547227,BCE,0.6097,1,,,
1746,547231,BCE,1.224,1,,,
1747,547232,BCE,1.2176,1,,,
1748,547234,BCE,1.2317,1,,,
1749,547235,BCE,0.8066,1,,,
1750,547238,BCE,1.2537,1,,,
1751,547239,BCE,1.2688,1,,,
1752,547241,BCE,1.2403,1,,,
1753,547243,BCE,1.1268,1,,,
1754,547244,BCE,1.0953,1,,,
1755,547245,BCE,1.4217,1,,,
1756,547246,BCE,0.7835,1,,,
1757,547247,BCE,1.2513,1,,,
1758,547249,BCE,1.3432,1,,,
1759,547251,BCE,1.2697,1,,,
1760,548706,BCE,1.3252,1,,,
1761,548707,BCE,0.9268,1,,,
1762,548708,BCE,0.9705,1,,,
1763,548709,BCE,1.2317,1,,,
1764,548710,BCE,1.0581,1,,,
1765,548711,BCE,1.25,1,,,
1766,548713,BCE,1.2995,1,,,
1767,548714,BCE,1.3482,1,,,
1768,548715,BCE,1.2931,1,,,
1769,548717,BCE,1.3094,1,,,
1770,548719,BCE,0.9193,1,,,
1771,548720,BCE,1.0633,1,,,
1772,548721,BCE,1.1279,1,,,
1773,548722,BCE,1.2523,1,,,
1774,548723,BCE,1.2611,1,,,
1775,548724,BCE,1.2072,1,,,
1776,548725,BCE,1.0958,1,,,
1777,548726,BCE,1.1432,1,,,
1778,548727,BCE,0.9805,1,,,
1779,548728,BCE,1.0916,1,,,
1780,548730,BCE,0.6262,1,,,
1781,548731,BCE,0.9436,1,,,
1782,548732,BCE,1.121,1,,,
1783,548733,BCE,1.0923,1,,,
1784,548734,BCE,1.2044,1,,,
1785,548735,BCE,1.3578,1,,,
1786,548736,BCE,1.273,1,,,
1787,548737,BCE,1.2463,1,,,
1788,548738,BCE,1.1381,1,,,
1789,548739,BCE,1.0736,1,,,
1790,548744,BCE,0.8443,1,,,
1791,548745,BCE,0.5522,1,,,
1792,548747,BCE,1.028,1,,,
1793,548748,Non-BCE,0.2538,1,,,
1794,548749,BCE,0.8023,1,,,
1795,548751,BCE,1.2547,1,,,
1796,548752,BCE,0.9136,1,,,
1797,548753,BCE,0.7258,1,,,
1798,548754,BCE,0.5894,1,,,
1799,548755,BCE,0.7373,1,,,
1800,548756,BCE,1.1986,1,,,
1801,548757,BCE,1.3056,1,,,
1802,548758,BCE,1.1325,1,,,
1803,548759,BCE,1.235,1,,,
1804,548760,BCE,1.2148,1,,,
1805,548761,Non-BCE,0.307,1,,,
1806,548762,BCE,1.1025,1,,,
1807,548763,BCE,1.1023,1,,,
1808,548764,BCE,1.0599,1,,,
1809,548765,BCE,0.4332,1,,,
1810,548766,BCE,0.4266,1,,,
1811,548767,BCE,0.7571,1,,,
1812,548769,BCE,0.4731,1,,,
1813,548770,BCE,1.3328,1,,,
1814,548771,BCE,0.5928,1,,,
1815,548772,BCE,1.3099,1,,,
1816,548773,BCE,1.3167,1,,,
1817,548776,BCE,0.3555,1,,,
1818,548777,BCE,0.4614,1,,,
1819,548778,BCE,0.5777,1,,,
1820,548779,BCE,1.2079,1,,,
1821,548780,BCE,0.6676,1,,,
1822,548781,BCE,1.3559,1,,,
1823,548782,BCE,1.1522,1,,,
1824,548783,BCE,1.3417,1,,,
1825,548784,BCE,1.335,1,,,
1826,548785,BCE,0.5702,1,,,
1827,548786,BCE,0.3582,1,,,
1828,548788,BCE,0.8874,1,,,
1829,548790,BCE,1.1368,1,,,
1830,548791,BCE,1.3259,1,,,
1831,548792,BCE,0.6039,1,,,
1832,548793,BCE,0.993,1,,,
1833,548795,BCE,1.2536,1,,,
1834,548796,BCE,1.0369,1,,,
1835,548797,BCE,0.9758,1,,,
1836,548798,BCE,1.3428,1,,,
1837,548799,BCE,1.1235,1,,,
1838,548800,BCE,1.3166,1,,,
1839,548801,BCE,1.0765,1,,,
1840,548802,BCE,1.2404,1,,,
1841,548803,BCE,0.8099,1,,,
1842,548804,BCE,0.7912,1,,,
1843,548805,BCE,1.1144,1,,,
1844,548806,BCE,1.3652,1,,,
1845,548807,BCE,0.5554,1,,,
1846,548808,BCE,0.922,1,,,
1847,548809,BCE,1.2028,1,,,
1848,548811,BCE,0.9674,1,,,
1849,548812,BCE,0.8466,1,,,
1850,548813,BCE,1.0427,1,,,
1851,548814,BCE,1.2185,1,,,
1852,548817,BCE,1.3463,1,,,
1853,548818,BCE,1.1384,1,,,
1854,548819,BCE,0.8193,1,,,
1855,548820,BCE,1.1541,1,,,
1856,548821,BCE,0.6836,1,,,
1857,548822,BCE,0.7033,1,,,
1858,548824,BCE,1.181,1,,,
1859,548825,BCE,1.195,1,,,
1860,548829,BCE,1.3269,1,,,
1861,548830,BCE,1.3896,1,,,
1862,548831,BCE,0.7924,1,,,
1863,548838,BCE,1.0612,1,,,
1864,548843,BCE,1.1828,1,,,
1865,548844,BCE,1.2872,1,,,
1866,548845,BCE,1.3055,1,,,
1867,548846,BCE,1.0119,1,,,
1868,548847,BCE,1.2937,1,,,
1869,548849,BCE,1.3328,1,,,
1870,558383,Non-BCE,0.198,1,,,
1871,558390,BCE,1.4584,1,,,
1872,558391,BCE,1.441,1,,,
1873,558397,BCE,0.4536,1,,,
1874,558398,BCE,1.4829,1,,,
1875,558411,BCE,1.4078,1,,,
1876,558419,BCE,1.4699,1,,,
1877,558421,Non-BCE,0.1851,1,,,
1878,558425,BCE,1.3358,1,,,
1879,558427,BCE,1.4774,1,,,
1880,558436,Non-BCE,0.1876,1,,,
1881,558438,BCE,1.3735,1,,,
1882,558444,BCE,1.3874,1,,,
1883,558450,Non-BCE,0.3102,1,,,
1884,558451,Non-BCE,0.3068,1,,,
1885,558465,BCE,1.4532,1,,,
1886,558467,BCE,1.438,1,,,
1887,558468,BCE,1.4032,1,,,
1888,558494,Non-BCE,0.2338,1,,,
1889,558509,BCE,0.5452,1,,,
1890,558517,Non-BCE,0.1953,1,,,
1891,558520,BCE,0.9081,1,,,
1892,558521,BCE,1.3589,1,,,
1893,561628,BCE,0.6019,1,,,
1894,561645,BCE,0.4044,1,,,
1895,561656,BCE,0.5591,1,,,
1896,561682,BCE,1.1078,1,,,
1897,561714,BCE,0.4201,1,,,
1898,561747,BCE,1.0841,1,,,
1899,561749,BCE,1.438,1,,,
1900,561782,BCE,0.9679,1,,,
1901,566182,BCE,0.5975,1,,,
1902,566240,BCE,1.0041,1,,,
1903,566246,BCE,0.5423,1,,,
1904,566255,Non-BCE,0.332,1,,,
1905,566428,BCE,0.5467,1,,,
1906,606145,BCE,0.7587,1,,,
1907,606389,BCE,1.0394,1,,,
1908,606390,BCE,1.1132,1,,,
1909,606415,BCE,1.2586,1,,,
1910,606416,BCE,1.2684,1,,,
1911,606419,BCE,1.1987,1,,,
1912,606421,BCE,1.1424,1,,,
1913,606430,BCE,1.327,1,,,
1914,606443,BCE,1.2388,1,,,
1915,606444,BCE,1.3059,1,,,
1916,606445,BCE,1.3402,1,,,
1917,606453,BCE,1.1432,1,,,
1918,606467,BCE,1.2726,1,,,
1919,606468,BCE,1.1818,1,,,
1920,606495,BCE,1.0713,1,,,
1921,606499,BCE,1.1569,1,,,
1922,606500,BCE,0.6761,1,,,
1923,606501,BCE,1.2166,1,,,
1924,606512,BCE,1.0341,1,,,
1925,606540,BCE,1.2957,1,,,
1926,606541,BCE,1.324,1,,,
1927,653021,BCE,1.0906,1,,,
1928,653104,BCE,0.8976,1,,,
1929,653147,BCE,1.2968,1,,,
1930,653161,BCE,1.2186,1,,,
1931,653197,BCE,1.0569,1,,,
1932,653232,BCE,1.1878,1,,,
1933,653248,BCE,1.1805,1,,,
1934,688798,Non-BCE,0.3102,1,,,
1935,688823,BCE,0.5076,1,,,
1936,688829,BCE,0.856,1,,,
1937,688859,BCE,1.104,1,,,
1938,688898,BCE,0.9281,1,,,
1939,688905,BCE,1.2586,1,,,
1940,688921,Non-BCE,0.2439,1,,,
1941,688922,BCE,0.6323,1,,,
1942,688933,Non-BCE,0.2834,1,,,
1943,688936,BCE,0.6283,1,,,
1944,688951,Non-BCE,0.1178,1,,,
1945,689012,BCE,0.7864,1,,,
1946,689020,BCE,0.7299,1,,,
1947,689043,BCE,1.3253,1,,,
1948,689089,BCE,1.1688,1,,,
1949,689102,BCE,0.4004,1,,,
1950,689104,BCE,1.3187,1,,,
1951,689108,BCE,0.5101,1,,,
1952,689111,BCE,1.3164,1,,,
1953,689116,BCE,1.3452,1,,,
1954,689142,BCE,0.9205,1,,,
1955,689143,BCE,1.2184,1,,,
1956,689163,Non-BCE,0.1854,1,,,
1957,689257,BCE,1.3321,1,,,
1958,689258,BCE,1.2154,1,,,
1959,689259,BCE,1.1895,1,,,
1960,734149,BCE,0.4618,1,,,
1961,753342,BCE,1.0906,1,,,
1962,753423,BCE,0.909,1,,,
1963,753495,BCE,0.9192,1,,,
1964,753498,BCE,1.228,1,,,
1965,753502,BCE,1.2156,1,,,
1966,753504,BCE,0.384,1,,,
1967,753512,BCE,0.7457,1,,,
1968,753535,Non-BCE,0.2769,1,,,
1969,753538,BCE,1.0706,1,,,
1970,753540,BCE,1.3,1,,,
1971,769859,BCE,1.3911,1,,,
1972,802734,BCE,0.6001,1,,,
1973,836708,Non-BCE,0.136,1,,,
1974,836742,Non-BCE,0.0961,1,,,
1975,836818,Non-BCE,0.252,1,,,
1976,836864,Non-BCE,0.1053,1,,,
1977,837086,Non-BCE,0.0682,1,,,
1978,837156,Non-BCE,0.2024,1,,,
1979,837195,Non-BCE,0.104,1,,,
1980,837203,Non-BCE,0.0896,1,,,
1981,837272,Non-BCE,0.1263,1,,,
1982,837291,Non-BCE,0.2378,1,,,
1983,837354,Non-BCE,0.1495,1,,,
1984,837401,BCE,0.6683,1,,,
1985,837414,BCE,0.6018,1,,,
1986,837502,Non-BCE,0.0938,1,,,
1987,837599,Non-BCE,0.2231,1,,,
1988,838062,BCE,0.4313,1,,,
1989,838089,BCE,0.7996,1,,,
1990,838155,Non-BCE,0.2149,1,,,
1991,838172,Non-BCE,0.1062,1,,,
1992,838173,BCE,0.4327,1,,,
1993,838229,Non-BCE,0.1537,1,,,
1994,838252,BCE,0.5314,1,,,
1995,838385,Non-BCE,0.3151,1,,,
1996,838472,Non-BCE,0.1222,1,,,
1997,838558,Non-BCE,0.1499,1,,,
1998,838678,Non-BCE,0.2808,1,,,
1999,838688,Non-BCE,0.1735,1,,,
2000,839112,BCE,0.5379,1,,,
2001,839158,BCE,0.4134,1,,,
2002,839207,BCE,0.8851,1,,,
2003,839824,BCE,0.5962,1,,,
2004,839828,BCE,0.8737,1,,,
2005,839848,BCE,1.0803,1,,,
2006,840223,BCE,1.1958,1,,,
2007,840225,BCE,0.9887,1,,,
2008,840240,BCE,1.0664,1,,,
2009,840500,BCE,1.2099,1,,,
2010,840508,BCE,1.2751,1,,,
2011,840616,BCE,0.7413,1,,,
2012,850799,BCE,1.248,1,,,
2013,850841,BCE,1.242,1,,,
2014,850858,BCE,1.3663,1,,,
2015,850860,BCE,1.0383,1,,,
2016,850891,BCE,0.4173,1,,,
2017,851633,BCE,1.346,1,,,
2018,851640,BCE,0.7375,1,,,
2019,856684,Non-BCE,0.2276,1,,,
2020,859462,BCE,0.3857,1,,,
2021,859618,BCE,1.2239,1,,,
2022,886606,BCE,0.8963,1,,,
2023,886608,BCE,1.1205,1,,,
2024,886610,BCE,0.8741,1,,,
2025,886612,BCE,1.2025,1,,,
2026,886613,BCE,1.1431,1,,,
2027,886614,BCE,0.6864,1,,,
2028,886615,BCE,1.108,1,,,
2029,888742,BCE,0.9523,1,,,
2030,891686,BCE,0.9392,1,,,
2031,892617,BCE,1.2185,1,,,
2032,892892,BCE,0.937,1,,,
2033,901535,BCE,0.829,1,,,
2034,905055,BCE,0.6329,1,,,
2035,905568,BCE,0.5793,1,,,
2036,905775,BCE,0.3513,1,,,
2037,906077,BCE,0.9771,1,,,
2038,906220,Non-BCE,0.2905,1,,,
2039,907012,BCE,0.9972,1,,,
2040,907422,Non-BCE,0.3176,1,,,
2041,907908,BCE,0.8853,1,,,
2042,909253,BCE,1.0899,1,,,
2043,909558,BCE,0.8861,1,,,
2044,910677,Non-BCE,0.3141,1,,,
2045,910678,BCE,0.4501,1,,,
2046,910679,Non-BCE,0.3262,1,,,
2047,910682,BCE,0.6673,1,,,
2048,910685,Non-BCE,0.264,1,,,
2049,910686,BCE,0.3541,1,,,
2050,910693,BCE,0.3887,1,,,
2051,910720,BCE,0.5455,1,,,
2052,910721,Non-BCE,0.302,1,,,
2053,910748,BCE,0.4249,1,,,
2054,910751,BCE,0.5056,1,,,
2055,910795,Non-BCE,0.3223,1,,,
2056,912734,BCE,1.2433,1,,,
2057,912754,BCE,1.2594,1,,,
2058,912810,BCE,1.3183,1,,,
2059,912832,BCE,1.1174,1,,,
2060,912862,BCE,0.8642,1,,,
2061,912917,BCE,0.551,1,,,
2062,912919,Non-BCE,0.2814,1,,,
2063,912921,BCE,0.5662,1,,,
2064,912924,BCE,0.715,1,,,
2065,912930,BCE,1.0927,1,,,
2066,912933,BCE,0.5959,1,,,
2067,912936,BCE,0.9837,1,,,
2068,912946,BCE,1.4132,1,,,
2069,912947,Non-BCE,0.3403,1,,,
2070,912948,BCE,0.9978,1,,,
2071,912950,BCE,0.9544,1,,,
2072,912951,BCE,0.5581,1,,,
2073,912953,BCE,0.4805,1,,,
2074,912956,BCE,0.3753,1,,,
2075,912957,BCE,1.0952,1,,,
2076,912958,BCE,0.7915,1,,,
2077,912960,Non-BCE,0.3189,1,,,
2078,912962,BCE,0.4592,1,,,
2079,912964,BCE,0.3748,1,,,
2080,912967,Non-BCE,0.2068,1,,,
2081,912970,Non-BCE,0.3137,1,,,
2082,912972,BCE,1.0733,1,,,
2083,912974,BCE,0.8947,1,,,
2084,912976,BCE,0.5303,1,,,
2085,912979,BCE,0.832,1,,,
2086,912980,Non-BCE,0.1174,1,,,
2087,912981,BCE,0.646,1,,,
2088,912990,BCE,0.9717,1,,,
2089,912991,BCE,0.6098,1,,,
2090,912999,BCE,0.5641,1,,,
2091,913000,Non-BCE,0.2802,1,,,
2092,913002,BCE,0.6936,1,,,
2093,913024,Non-BCE,0.2568,1,,,
2094,913046,BCE,0.9784,1,,,
2095,913048,BCE,0.8826,1,,,
2096,913056,BCE,0.7339,1,,,
2097,913060,BCE,1.2721,1,,,
2098,913065,Non-BCE,0.2561,1,,,
2099,913066,BCE,0.9528,1,,,
2100,913067,Non-BCE,0.3146,1,,,
2101,913068,BCE,0.4825,1,,,
2102,913069,BCE,0.9589,1,,,
2103,913070,BCE,0.8176,1,,,
2104,913071,BCE,1.3752,1,,,
2105,913083,BCE,0.8565,1,,,
2106,913084,Non-BCE,0.2416,1,,,
2107,913085,Non-BCE,0.2488,1,,,
2108,913086,BCE,0.4385,1,,,
2109,913087,Non-BCE,0.2792,1,,,
2110,913088,BCE,0.9316,1,,,
2111,913092,BCE,0.3948,1,,,
2112,913094,BCE,0.3808,1,,,
2113,913095,BCE,1.0121,1,,,
2114,913097,BCE,0.4064,1,,,
2115,913100,BCE,1.0305,1,,,
2116,913101,BCE,1.2495,1,,,
2117,913102,BCE,0.382,1,,,
2118,913104,BCE,0.4888,1,,,
2119,913106,BCE,0.5983,1,,,
2120,913107,BCE,1.2121,1,,,
2121,913109,BCE,0.3535,1,,,
2122,913110,BCE,0.7502,1,,,
2123,913114,BCE,1.2785,1,,,
2124,913120,BCE,0.7341,1,,,
2125,913122,BCE,1.1218,1,,,
2126,913125,BCE,0.6059,1,,,
2127,913128,Non-BCE,0.2383,1,,,
2128,913135,BCE,0.6949,1,,,
2129,913139,BCE,0.4102,1,,,
2130,913150,BCE,0.6914,1,,,
2131,913154,BCE,0.5434,1,,,
2132,913156,BCE,0.5999,1,,,
2133,913162,BCE,1.3592,1,,,
2134,913163,BCE,1.309,1,,,
2135,913164,BCE,0.5991,1,,,
2136,913165,BCE,1.3994,1,,,
2137,913167,BCE,0.7677,1,,,
2138,913168,BCE,0.9243,1,,,
2139,913171,BCE,0.4483,1,,,
2140,913174,BCE,1.2577,1,,,
2141,913177,BCE,0.8418,1,,,
2142,913178,Non-BCE,0.3358,1,,,
2143,913179,BCE,0.4339,1,,,
2144,913180,BCE,1.0722,1,,,
2145,913183,Non-BCE,0.2855,1,,,
2146,913187,BCE,0.6976,1,,,
2147,913188,BCE,0.5009,1,,,
2148,913189,BCE,0.3879,1,,,
2149,913190,BCE,0.4429,1,,,
2150,913191,BCE,0.5131,1,,,
2151,913193,BCE,0.8201,1,,,
2152,913194,BCE,0.8598,1,,,
2153,913196,BCE,0.3633,1,,,
2154,913205,BCE,0.4718,1,,,
2155,913206,Non-BCE,0.282,1,,,
2156,913208,BCE,0.3947,1,,,
2157,913209,Non-BCE,0.336,1,,,
2158,913210,BCE,1.1004,1,,,
2159,913211,BCE,1.1138,1,,,
2160,913212,BCE,1.279,1,,,
2161,913213,BCE,1.2325,1,,,
2162,913214,Non-BCE,0.2361,1,,,
2163,913215,BCE,0.8602,1,,,
2164,913220,BCE,0.3832,1,,,
2165,913222,BCE,1.1918,1,,,
2166,913224,BCE,0.9726,1,,,
2167,913226,BCE,0.8803,1,,,
2168,913228,BCE,0.9976,1,,,
2169,913233,BCE,0.8983,1,,,
2170,913237,BCE,0.4721,1,,,
2171,913238,BCE,0.6724,1,,,
2172,913248,BCE,0.6368,1,,,
2173,913249,BCE,1.3436,1,,,
2174,913250,Non-BCE,0.19,1,,,
2175,913251,BCE,0.67,1,,,
2176,913252,BCE,0.4873,1,,,
2177,913254,BCE,0.5172,1,,,
2178,913256,BCE,0.5826,1,,,
2179,913257,BCE,0.5611,1,,,
2180,913258,BCE,0.6714,1,,,
2181,913261,BCE,0.5849,1,,,
2182,913262,BCE,1.3698,1,,,
2183,913263,BCE,1.0901,1,,,
2184,913265,BCE,1.2868,1,,,
2185,913266,BCE,0.3585,1,,,
2186,913270,BCE,1.1336,1,,,
2187,913271,Non-BCE,0.2421,1,,,
2188,913272,BCE,0.583,1,,,
2189,913273,BCE,1.246,1,,,
2190,913275,BCE,0.4131,1,,,
2191,913278,BCE,0.6298,1,,,
2192,913279,Non-BCE,0.3395,1,,,
2193,913280,Non-BCE,0.2493,1,,,
2194,913283,BCE,1.0837,1,,,
2195,913287,BCE,1.3439,1,,,
2196,913291,Non-BCE,0.3234,1,,,
2197,913293,BCE,1.1669,1,,,
2198,913294,BCE,0.4987,1,,,
2199,913298,BCE,1.3179,1,,,
2200,913302,BCE,1.3662,1,,,
2201,913303,BCE,1.362,1,,,
2202,913304,BCE,1.0347,1,,,
2203,913308,BCE,1.23,1,,,
2204,913309,BCE,1.0494,1,,,
2205,913310,Non-BCE,0.3232,1,,,
2206,913312,BCE,1.291,1,,,
2207,913313,BCE,1.2531,1,,,
2208,913314,BCE,1.1602,1,,,
2209,913315,BCE,1.3248,1,,,
2210,913316,Non-BCE,0.2656,1,,,
2211,913318,Non-BCE,0.3403,1,,,
2212,913319,BCE,1.335,1,,,
2213,913320,BCE,1.3444,1,,,
2214,913321,BCE,1.2186,1,,,
2215,913322,BCE,0.8388,1,,,
2216,913323,BCE,1.3014,1,,,
2217,913326,BCE,1.2901,1,,,
2218,913327,BCE,0.8825,1,,,
2219,913328,BCE,0.8983,1,,,
2220,913330,Non-BCE,0.3455,1,,,
2221,913332,BCE,0.9573,1,,,
2222,913334,BCE,0.8945,1,,,
2223,913335,BCE,1.1539,1,,,
2224,913336,BCE,1.2926,1,,,
2225,913337,BCE,1.0178,1,,,
2226,913340,BCE,1.3589,1,,,
2227,913346,Non-BCE,0.3376,1,,,
2228,913347,BCE,0.691,1,,,
2229,913355,BCE,0.5737,1,,,
2230,913362,BCE,1.3493,1,,,
2231,913363,BCE,1.0951,1,,,
2232,913364,BCE,1.1598,1,,,
2233,913365,BCE,1.2695,1,,,
2234,913366,BCE,0.5286,1,,,
2235,913372,BCE,0.9978,1,,,
2236,913373,Non-BCE,0.3036,1,,,
2237,913374,BCE,0.6918,1,,,
2238,913375,BCE,1.0575,1,,,
2239,913376,Non-BCE,0.2699,1,,,
2240,913377,Non-BCE,0.2257,1,,,
2241,913382,BCE,1.0529,1,,,
2242,913387,BCE,1.2121,1,,,
2243,913391,BCE,0.4072,1,,,
2244,913402,BCE,0.351,1,,,
2245,913403,BCE,0.5678,1,,,
2246,913405,BCE,0.7384,1,,,
2247,913406,BCE,0.6218,1,,,
2248,913408,BCE,0.8304,1,,,
2249,913420,BCE,0.721,1,,,
2250,913441,BCE,0.4385,1,,,
2251,913446,Non-BCE,0.3027,1,,,
2252,913461,Non-BCE,0.2988,1,,,
2253,913465,Non-BCE,0.2745,1,,,
2254,913471,BCE,0.8438,1,,,
2255,913473,BCE,1.2492,1,,,
2256,913476,BCE,1.2934,1,,,
2257,913479,BCE,0.8672,1,,,
2258,913486,BCE,0.6896,1,,,
2259,913490,BCE,0.565,1,,,
2260,913493,Non-BCE,0.3461,1,,,
2261,913494,BCE,0.6875,1,,,
2262,913496,BCE,0.3962,1,,,
2263,913500,BCE,0.4017,1,,,
2264,913503,Non-BCE,0.3153,1,,,
2265,913505,BCE,1.023,1,,,
2266,913506,BCE,0.798,1,,,
2267,913515,BCE,0.8003,1,,,
2268,913516,BCE,0.601,1,,,
2269,913534,BCE,0.9144,1,,,
2270,913551,BCE,0.9718,1,,,
2271,913556,BCE,0.3623,1,,,
2272,913557,BCE,1.3084,1,,,
2273,913559,BCE,0.8617,1,,,
2274,913560,BCE,0.8532,1,,,
2275,913561,BCE,0.8567,1,,,
2276,913565,BCE,1.1729,1,,,
2277,913568,BCE,1.0579,1,,,
2278,913572,BCE,1.0545,1,,,
2279,913573,BCE,0.9554,1,,,
2280,913577,BCE,0.4278,1,,,
2281,913578,BCE,1.1664,1,,,
2282,913584,BCE,1.153,1,,,
2283,913586,BCE,1.2632,1,,,
2284,913590,BCE,0.3542,1,,,
2285,913592,BCE,0.4501,1,,,
2286,913596,BCE,0.3573,1,,,
2287,913600,BCE,0.5792,1,,,
2288,913602,BCE,0.3962,1,,,
2289,913606,BCE,0.5668,1,,,
2290,913607,BCE,0.541,1,,,
2291,913608,Non-BCE,0.3018,1,,,
2292,913609,BCE,0.4691,1,,,
2293,913610,Non-BCE,0.3359,1,,,
2294,913612,Non-BCE,0.3399,1,,,
2295,913613,Non-BCE,0.2454,1,,,
2296,913615,BCE,0.5407,1,,,
2297,913621,BCE,0.4889,1,,,
2298,913628,Non-BCE,0.1473,1,,,
2299,913630,Non-BCE,0.1596,1,,,
2300,913641,BCE,0.8983,1,,,
2301,913645,BCE,0.5944,1,,,
2302,913649,BCE,0.698,1,,,
2303,913652,BCE,0.4854,1,,,
2304,913653,Non-BCE,0.3369,1,,,
2305,913656,BCE,1.0851,1,,,
2306,913658,Non-BCE,0.2245,1,,,
2307,913664,BCE,1.2278,1,,,
2308,913666,Non-BCE,0.2291,1,,,
2309,913667,BCE,0.7782,1,,,
2310,913695,BCE,1.3112,1,,,
2311,913696,BCE,0.9545,1,,,
2312,913698,BCE,0.5193,1,,,
2313,913699,BCE,0.6354,1,,,
2314,913716,BCE,0.8811,1,,,
2315,913734,BCE,0.5252,1,,,
2316,913740,BCE,1.0984,1,,,
2317,913741,BCE,0.9715,1,,,
2318,913743,BCE,1.1857,1,,,
2319,913746,BCE,1.1556,1,,,
2320,913750,BCE,0.4769,1,,,
2321,913774,BCE,1.2796,1,,,
2322,913775,Non-BCE,0.2642,1,,,
2323,913780,Non-BCE,0.221,1,,,
2324,913786,BCE,0.4162,1,,,
2325,913787,BCE,1.2541,1,,,
2326,913790,BCE,0.865,1,,,
2327,913835,BCE,0.5097,1,,,
2328,913842,BCE,0.5131,1,,,
2329,913844,BCE,0.3919,1,,,
2330,913847,BCE,0.9806,1,,,
2331,913848,BCE,0.6205,1,,,
2332,913850,BCE,0.5829,1,,,
2333,913852,BCE,1.3322,1,,,
2334,913855,Non-BCE,0.2976,1,,,
2335,913858,BCE,0.542,1,,,
2336,913860,BCE,1.3626,1,,,
2337,913863,BCE,0.3846,1,,,
2338,913869,BCE,0.9477,1,,,
2339,913892,BCE,1.3624,1,,,
2340,913893,BCE,1.2763,1,,,
2341,913897,BCE,0.7472,1,,,
2342,913898,BCE,1.1449,1,,,
2343,913899,BCE,1.3485,1,,,
2344,913906,Non-BCE,0.2702,1,,,
2345,913916,BCE,1.3175,1,,,
2346,913917,BCE,1.3334,1,,,
2347,913918,BCE,1.2896,1,,,
2348,913919,BCE,0.9783,1,,,
2349,913920,BCE,1.2727,1,,,
2350,913922,BCE,1.4031,1,,,
2351,913923,BCE,1.4164,1,,,
2352,913924,BCE,1.0277,1,,,
2353,913925,BCE,1.3892,1,,,
2354,913926,BCE,1.1121,1,,,
2355,913928,BCE,1.2554,1,,,
2356,913929,BCE,0.6416,1,,,
2357,913930,BCE,0.9988,1,,,
2358,913936,BCE,1.0139,1,,,
2359,913938,BCE,0.4372,1,,,
2360,913940,Non-BCE,0.3174,1,,,
2361,913941,BCE,1.3147,1,,,
2362,913943,BCE,1.2723,1,,,
2363,913944,BCE,1.2614,1,,,
2364,913948,BCE,1.2227,1,,,
2365,913949,BCE,0.6494,1,,,
2366,913950,BCE,0.9851,1,,,
2367,913951,BCE,0.9841,1,,,
2368,913953,BCE,1.28,1,,,
2369,913955,BCE,1.3819,1,,,
2370,913957,BCE,1.1363,1,,,
2371,913959,BCE,0.5428,1,,,
2372,913963,BCE,0.7012,1,,,
2373,913965,BCE,0.5987,1,,,
2374,913969,Non-BCE,0.266,1,,,
2375,913974,BCE,1.2984,1,,,
2376,913976,BCE,0.5037,1,,,
2377,913978,BCE,1.3173,1,,,
2378,913979,BCE,0.5499,1,,,
2379,913980,BCE,0.9995,1,,,
2380,913981,BCE,1.2911,1,,,
2381,913982,BCE,0.9748,1,,,
2382,913983,BCE,1.2864,1,,,
2383,913984,BCE,0.6092,1,,,
2384,913985,BCE,0.8768,1,,,
2385,913986,BCE,1.3653,1,,,
2386,913987,BCE,1.3346,1,,,
2387,913988,BCE,1.2656,1,,,
2388,913989,BCE,1.2158,1,,,
2389,913991,BCE,0.9839,1,,,
2390,913992,BCE,1.3807,1,,,
2391,913994,BCE,1.2472,1,,,
2392,913995,Non-BCE,0.3488,1,,,
2393,913996,BCE,1.3335,1,,,
2394,913997,BCE,1.3127,1,,,
2395,913998,BCE,1.096,1,,,
2396,913999,BCE,1.142,1,,,
2397,914000,BCE,0.9854,1,,,
2398,914002,BCE,1.0684,1,,,
2399,914004,Non-BCE,0.1724,1,,,
2400,914005,BCE,1.3302,1,,,
2401,914010,BCE,0.4412,1,,,
2402,914011,BCE,0.8451,1,,,
2403,914013,BCE,1.2506,1,,,
2404,914014,BCE,1.2953,1,,,
2405,914017,Non-BCE,0.2558,1,,,
2406,914018,BCE,1.0736,1,,,
2407,914019,BCE,0.708,1,,,
2408,914026,BCE,0.574,1,,,
2409,914027,BCE,0.5183,1,,,
2410,914028,BCE,1.3301,1,,,
2411,914030,BCE,0.5634,1,,,
2412,914032,BCE,1.0692,1,,,
2413,914035,BCE,0.533,1,,,
2414,914036,BCE,0.7283,1,,,
2415,914038,BCE,1.1867,1,,,
2416,914039,BCE,1.258,1,,,
2417,914040,BCE,1.3549,1,,,
2418,914041,BCE,1.3336,1,,,
2419,914042,BCE,0.6885,1,,,
2420,914043,BCE,1.1652,1,,,
2421,914044,BCE,1.3767,1,,,
2422,914046,BCE,0.512,1,,,
2423,914048,BCE,1.041,1,,,
2424,914050,BCE,1.2839,1,,,
2425,914058,Non-BCE,0.3361,1,,,
2426,914059,BCE,0.9311,1,,,
2427,914061,BCE,0.8372,1,,,
2428,914065,BCE,1.1569,1,,,
2429,914067,BCE,0.605,1,,,
2430,914068,BCE,1.1461,1,,,
2431,914069,Non-BCE,0.2625,1,,,
2432,914070,BCE,0.5998,1,,,
2433,914071,BCE,0.7768,1,,,
2434,914072,BCE,1.2852,1,,,
2435,914076,BCE,0.3553,1,,,
2436,914079,BCE,0.9745,1,,,
2437,914087,Non-BCE,0.2812,1,,,
2438,914090,BCE,0.4288,1,,,
2439,914100,BCE,1.1176,1,,,
2440,914101,BCE,0.8863,1,,,
2441,914102,BCE,0.8048,1,,,
2442,914105,BCE,1.181,1,,,
2443,914106,BCE,1.119,1,,,
2444,914107,BCE,1.307,1,,,
2445,914108,Non-BCE,0.3318,1,,,
2446,914109,BCE,0.69,1,,,
2447,914110,BCE,0.6403,1,,,
2448,914115,BCE,0.9353,1,,,
2449,914125,BCE,0.6575,1,,,
2450,914126,BCE,1.3131,1,,,
2451,914129,BCE,1.1542,1,,,
2452,914130,BCE,0.7098,1,,,
2453,914131,BCE,0.5703,1,,,
2454,914132,BCE,0.4722,1,,,
2455,914133,BCE,0.4747,1,,,
2456,914135,BCE,1.2718,1,,,
2457,914148,BCE,1.3028,1,,,
2458,914149,BCE,0.5621,1,,,
2459,914150,BCE,0.4275,1,,,
2460,914154,BCE,1.1759,1,,,
2461,914172,BCE,1.2944,1,,,
2462,914173,BCE,1.3918,1,,,
2463,914174,BCE,1.1689,1,,,
2464,914177,BCE,1.0783,1,,,
2465,914178,BCE,1.3229,1,,,
2466,914184,BCE,0.4217,1,,,
2467,914185,BCE,0.5797,1,,,
2468,914189,BCE,0.5275,1,,,
2469,914193,BCE,0.873,1,,,
2470,914196,BCE,0.7261,1,,,
2471,914199,BCE,1.1144,1,,,
2472,914200,BCE,0.5943,1,,,
2473,914211,BCE,0.4268,1,,,
2474,914214,Non-BCE,0.2528,1,,,
2475,914215,BCE,1.2571,1,,,
2476,914216,BCE,0.7864,1,,,
2477,914218,BCE,0.3947,1,,,
2478,914220,BCE,0.6103,1,,,
2479,914230,Non-BCE,0.3105,1,,,
2480,914238,Non-BCE,0.2088,1,,,
2481,914239,BCE,0.3956,1,,,
2482,914248,BCE,1.1003,1,,,
2483,914250,BCE,1.1762,1,,,
2484,914253,BCE,1.1605,1,,,
2485,914255,BCE,0.8083,1,,,
2486,914259,BCE,0.993,1,,,
2487,914263,BCE,0.792,1,,,
2488,914264,BCE,0.4541,1,,,
2489,914266,BCE,1.1038,1,,,
2490,914267,BCE,1.2593,1,,,
2491,914268,BCE,0.4012,1,,,
2492,914272,BCE,0.3658,1,,,
2493,914274,BCE,0.3932,1,,,
2494,914275,BCE,0.7201,1,,,
2495,914280,BCE,1.0034,1,,,
2496,914287,BCE,1.1998,1,,,
2497,914288,BCE,0.6695,1,,,
2498,914289,BCE,1.146,1,,,
2499,914294,BCE,0.9346,1,,,
2500,914305,BCE,1.1741,1,,,
2501,914307,BCE,0.6488,1,,,
2502,914316,BCE,0.8388,1,,,
2503,914317,BCE,1.0119,1,,,
2504,914319,BCE,0.6346,1,,,
2505,914320,BCE,1.0652,1,,,
2506,914325,BCE,0.5311,1,,,
2507,914326,BCE,0.9796,1,,,
2508,933329,BCE,0.3579,1,,,
2509,933343,BCE,0.6062,1,,,
2510,933346,BCE,0.3712,1,,,
2511,933347,BCE,0.4305,1,,,
2512,933385,BCE,0.3529,1,,,
2513,933433,BCE,0.4633,1,,,
2514,933435,BCE,0.8515,1,,,
2515,952056,BCE,0.6411,1,,,
2516,952084,BCE,1.2843,1,,,
2517,952149,BCE,1.0315,1,,,
2518,952255,BCE,0.78,1,,,
2519,952288,BCE,1.2285,1,,,
2520,952312,BCE,0.4589,1,,,
2521,952314,BCE,0.519,1,,,
2522,952334,BCE,1.2625,1,,,
2523,952356,BCE,0.796,1,,,
2524,952366,BCE,0.7604,1,,,
2525,952441,BCE,1.243,1,,,
2526,952627,BCE,1.3108,1,,,
2527,952628,BCE,1.2384,1,,,
2528,952629,BCE,1.2852,1,,,
2529,956507,BCE,0.7554,1,,,
2530,956508,Non-BCE,0.3009,1,,,
2531,956509,Non-BCE,0.1447,1,,,
2532,956517,BCE,1.2385,1,,,
2533,956528,BCE,1.2788,1,,,
2534,956536,BCE,1.2467,1,,,
2535,956537,BCE,1.2998,1,,,
2536,956539,BCE,0.8298,1,,,
2537,956540,BCE,1.0653,1,,,
2538,956545,BCE,1.111,1,,,
2539,956549,BCE,0.8881,1,,,
2540,956551,BCE,1.2655,1,,,
2541,956552,BCE,0.9021,1,,,
2542,956601,BCE,0.9708,1,,,
2543,956608,BCE,0.6257,1,,,
2544,956609,BCE,0.5325,1,,,
2545,956612,BCE,1.1881,1,,,
2546,956617,BCE,0.5447,1,,,
2547,956625,BCE,1.2612,1,,,
2548,956628,BCE,1.068,1,,,
2549,956636,BCE,1.343,1,,,
2550,956637,BCE,0.5117,1,,,
2551,956638,BCE,0.968,1,,,
2552,956639,BCE,0.5462,1,,,
2553,956644,BCE,0.5476,1,,,
2554,956659,BCE,1.17,1,,,
2555,956661,BCE,0.7031,1,,,
2556,956678,Non-BCE,0.0659,1,,,
2557,956691,BCE,0.4052,1,,,
2558,956700,BCE,0.998,1,,,
2559,956737,BCE,1.2882,1,,,
2560,956741,BCE,1.2778,1,,,
2561,956744,BCE,0.9773,1,,,
2562,956754,BCE,0.7987,1,,,
2563,956761,BCE,0.9382,1,,,
2564,1087198,BCE,1.3634,1,,,
2565,1087203,BCE,1.3555,1,,,
2566,1087221,BCE,0.3978,1,,,
2567,1087223,BCE,0.9138,1,,,
2568,1087227,BCE,1.139,1,,,
2569,1087231,BCE,1.3667,1,,,
2570,1087239,BCE,1.1616,1,,,
2571,1087243,BCE,1.0385,1,,,
2572,1098138,Non-BCE,0.1486,1,,,
2573,1110536,Non-BCE,0.1826,1,,,
2574,1113451,Non-BCE,0.1907,1,,,
2575,1114157,Non-BCE,0.3244,1,,,
2576,1117541,BCE,0.5641,1,,,
2577,1309170,Non-BCE,0.2334,1,,,
2578,1309171,Non-BCE,0.1623,1,,,
2579,1309179,BCE,0.9019,1,,,
2580,1309188,Non-BCE,0.1384,1,,,
2581,1309192,BCE,0.4031,1,,,
2582,1309198,Non-BCE,0.1365,1,,,
2583,1309201,BCE,0.7758,1,,,
2584,1309223,BCE,0.6499,1,,,
2585,1309231,Non-BCE,0.0824,1,,,
2586,1309234,BCE,0.9623,1,,,
2587,1309235,Non-BCE,0.2069,1,,,
2588,1309236,BCE,0.5587,1,,,
2589,1309246,BCE,1.4183,1,,,
2590,1309247,BCE,0.8123,1,,,
2591,1309250,Non-BCE,0.1165,1,,,
2592,1309251,Non-BCE,0.2298,1,,,
2593,1309254,BCE,0.3698,1,,,
2594,1309256,Non-BCE,0.1741,1,,,
2595,1309258,BCE,1.3753,1,,,
2596,1309259,Non-BCE,0.2832,1,,,
2597,1309264,Non-BCE,0.2231,1,,,
2598,1309265,Non-BCE,0.2306,1,,,
2599,1309266,Non-BCE,0.3357,1,,,
2600,1309268,Non-BCE,0.2352,1,,,
2601,1309269,BCE,1.3319,1,,,
2602,1309272,Non-BCE,0.1831,1,,,
2603,1309276,BCE,0.4771,1,,,
2604,1309277,Non-BCE,0.1362,1,,,
2605,1309279,Non-BCE,0.2154,1,,,
2606,1309280,Non-BCE,0.1714,1,,,
2607,1309282,BCE,0.5153,1,,,
2608,1309289,Non-BCE,0.1394,1,,,
2609,1309293,Non-BCE,0.0735,1,,,
2610,1309300,Non-BCE,0.1342,1,,,
2611,1309306,Non-BCE,0.1088,1,,,
2612,1309310,Non-BCE,0.1238,1,,,
2613,1309315,Non-BCE,0.1019,1,,,
2614,1310052,Non-BCE,0.2379,1,,,
2615,1310055,BCE,0.3937,1,,,
2616,1310058,BCE,0.5545,1,,,
2617,1310059,BCE,0.8142,1,,,
2618,1310062,BCE,1.3019,1,,,
2619,1310064,BCE,0.9081,1,,,
2620,1310065,BCE,1.1606,1,,,
2621,1310068,BCE,1.1537,1,,,
2622,1310069,BCE,1.2115,1,,,
2623,1310070,Non-BCE,0.2942,1,,,
2624,1310072,BCE,0.6746,1,,,
2625,1310075,BCE,0.9598,1,,,
2626,1310076,BCE,0.7717,1,,,
2627,1310081,BCE,0.9412,1,,,
2628,1310083,BCE,0.5223,1,,,
2629,1310086,BCE,0.638,1,,,
2630,1310087,BCE,1.2831,1,,,
2631,1310090,BCE,0.592,1,,,
2632,1310091,BCE,0.7404,1,,,
2633,1310097,BCE,0.4787,1,,,
2634,1310098,BCE,1.0315,1,,,
2635,1310099,Non-BCE,0.2926,1,,,
2636,1310101,BCE,0.6965,1,,,
2637,1310103,Non-BCE,0.2297,1,,,
2638,1310106,BCE,0.4946,1,,,
2639,1310117,BCE,1.2244,1,,,
2640,1310118,Non-BCE,0.309,1,,,
2641,1310124,BCE,0.4942,1,,,
2642,1310131,Non-BCE,0.3083,1,,,
2643,1310133,BCE,1.3559,1,,,
2644,1310147,BCE,1.0637,1,,,
2645,1310152,BCE,0.7605,1,,,
2646,1310157,BCE,0.8191,1,,,
2647,1310160,Non-BCE,0.2026,1,,,
2648,1310161,BCE,0.7876,1,,,
2649,1310168,BCE,0.77,1,,,
2650,1310185,BCE,0.8084,1,,,
2651,1310192,BCE,0.9274,1,,,
2652,1310197,BCE,1.3866,1,,,
2653,1310200,BCE,1.0135,1,,,
2654,1310206,BCE,0.8926,1,,,
2655,1310208,BCE,0.6859,1,,,
2656,1310216,Non-BCE,0.3302,1,,,
2657,1310227,Non-BCE,0.2777,1,,,
2658,1310230,BCE,1.0353,1,,,
2659,1311293,BCE,1.3419,1,,,
2660,1312070,BCE,1.2106,1,,,
2661,1312071,BCE,1.0504,1,,,
2662,1312072,BCE,1.2756,1,,,
2663,1312074,BCE,1.0408,1,,,
2664,1312075,BCE,1.2285,1,,,
2665,1312077,BCE,0.6261,1,,,
2666,1312078,BCE,0.3943,1,,,