S.NO ,FASTA ID ,PIP or Non-PIP ,Prob ,label,
1,167,BCE,0.4029,0,
2,330,BCE,1.3824,0,
3,359,BCE,1.0599,0,
4,842,Non-BCE,0.21,0,
5,1104,BCE,0.4585,0,
6,1208,BCE,1.2494,0,
7,1680,Non-BCE,0.1611,0,
8,1684,Non-BCE,0.2299,0,
9,1685,BCE,1.3069,0,
10,1814,BCE,0.9696,0,
11,2074,BCE,0.3524,0,
12,2100,Non-BCE,0.1167,0,
13,2505,BCE,1.2536,0,
14,2849,Non-BCE,0.1903,0,
15,3052,BCE,1.1005,0,
16,3347,Non-BCE,0.0794,0,
17,3646,BCE,1.3652,0,
18,3858,BCE,0.588,0,
19,3987,BCE,1.2813,0,
20,4143,BCE,1.2955,0,
21,4485,BCE,1.022,0,
22,6065,BCE,1.0894,0,
23,6145,Non-BCE,0.1159,0,
24,6165,BCE,0.9621,0,
25,6192,Non-BCE,0.2725,0,
26,6197,Non-BCE,0.2824,0,
27,6224,Non-BCE,0.1518,0,
28,6340,Non-BCE,0.0369,0,
29,6648,Non-BCE,0.1991,0,
30,6680,Non-BCE,0.0537,0,
31,6689,BCE,0.4632,0,
32,6770,BCE,0.7088,0,
33,6873,Non-BCE,0.3005,0,
34,6894,BCE,0.7208,0,
35,7356,BCE,1.045,0,
36,7438,BCE,0.5633,0,
37,7483,BCE,1.1888,0,
38,7908,BCE,1.125,0,
39,7917,BCE,0.6177,0,
40,8328,Non-BCE,0.1703,0,
41,8465,BCE,1.0005,0,
42,8521,Non-BCE,0.2205,0,
43,8765,BCE,1.0544,0,
44,8998,Non-BCE,0.2099,0,
45,9223,Non-BCE,0.0224,0,
46,9236,BCE,1.0979,0,
47,9769,BCE,0.3957,0,
48,10013,Non-BCE,0.2398,0,
49,10042,Non-BCE,0.2012,0,
50,10275,BCE,1.3776,0,
51,10434,Non-BCE,0.0892,0,
52,10762,Non-BCE,0.1203,0,
53,11147,BCE,0.5054,0,
54,11297,Non-BCE,0.0226,0,
55,11318,BCE,1.1857,0,
56,12045,BCE,0.8938,0,
57,12222,Non-BCE,0.328,0,
58,12477,Non-BCE,0.3074,0,
59,12572,BCE,1.1743,0,
60,12620,Non-BCE,0.1818,0,
61,12655,Non-BCE,0.0895,0,
62,12661,BCE,0.5694,0,
63,12793,Non-BCE,0.1383,0,
64,12871,Non-BCE,0.0506,0,
65,13131,Non-BCE,0.1537,0,
66,13432,Non-BCE,0.2222,0,
67,13580,Non-BCE,0.2979,0,
68,13832,Non-BCE,0.1075,0,
69,13845,BCE,0.6623,0,
70,13905,Non-BCE,0.1983,0,
71,13928,BCE,1.2481,0,
72,13960,Non-BCE,0.037,0,
73,13964,Non-BCE,0.0905,0,
74,14416,Non-BCE,0.1616,0,
75,14546,BCE,1.2622,0,
76,14893,Non-BCE,0.0789,0,
77,15074,BCE,1.3566,0,
78,15161,BCE,0.5641,0,
79,15166,BCE,0.4268,0,
80,15210,Non-BCE,0.1489,0,
81,15294,Non-BCE,0.0592,0,
82,15607,Non-BCE,0.1824,0,
83,15757,BCE,1.2083,0,
84,15936,BCE,0.3954,0,
85,16003,Non-BCE,0.2242,0,
86,16111,Non-BCE,0.2842,0,
87,16254,BCE,0.8815,0,
88,16407,Non-BCE,0.1433,0,
89,16465,Non-BCE,0.0642,0,
90,16484,BCE,0.4557,0,
91,17410,BCE,0.997,0,
92,17505,BCE,0.4158,0,
93,17715,Non-BCE,0.3242,0,
94,17832,BCE,1.0196,0,
95,18115,BCE,0.4271,0,
96,18223,BCE,0.7929,0,
97,18305,Non-BCE,0.1585,0,
98,18816,BCE,0.4068,0,
99,18903,BCE,0.9026,0,
100,19008,Non-BCE,0.1281,0,
101,19231,Non-BCE,0.1158,0,
102,19249,BCE,1.2688,0,
103,19278,Non-BCE,0.1437,0,
104,19404,BCE,0.4974,0,
105,19881,BCE,0.5247,0,
106,20374,BCE,0.894,0,
107,20446,BCE,0.5918,0,
108,21416,Non-BCE,0.121,0,
109,21474,Non-BCE,0.2635,0,
110,21904,Non-BCE,0.2161,0,
111,22325,Non-BCE,0.2639,0,
112,22659,Non-BCE,0.1981,0,
113,22781,Non-BCE,0.2693,0,
114,23198,BCE,1.204,0,
115,23563,Non-BCE,0.0847,0,
116,23623,BCE,1.3285,0,
117,23672,Non-BCE,0.1224,0,
118,23901,BCE,0.9554,0,
119,24259,Non-BCE,0.1254,0,
120,24304,Non-BCE,0.2065,0,
121,24336,Non-BCE,0.1723,0,
122,24447,Non-BCE,0.1315,0,
123,24572,BCE,1.3262,0,
124,25069,Non-BCE,0.0836,0,
125,25361,Non-BCE,0.1381,0,
126,25713,Non-BCE,0.2511,0,
127,25727,BCE,0.8575,0,
128,25862,BCE,1.2025,0,
129,26465,BCE,0.4174,0,
130,26859,BCE,0.5319,0,
131,27393,Non-BCE,0.0579,0,
132,27479,Non-BCE,0.1764,0,
133,28499,Non-BCE,0.2738,0,
134,28956,Non-BCE,0.0868,0,
135,28975,BCE,0.6973,0,
136,30209,BCE,1.174,0,
137,30574,Non-BCE,0.157,0,
138,31016,BCE,0.7428,0,
139,31405,BCE,1.3592,0,
140,31441,BCE,1.0755,0,
141,31644,Non-BCE,0.0724,0,
142,32815,BCE,1.3074,0,
143,33403,Non-BCE,0.3202,0,
144,33798,Non-BCE,0.2859,0,
145,34119,Non-BCE,0.3187,0,
146,34535,BCE,0.3999,0,
147,34765,BCE,0.8294,0,
148,34770,BCE,0.8001,0,
149,34793,BCE,0.7074,0,
150,34822,BCE,1.3689,0,
151,34870,BCE,0.9008,0,
152,35229,Non-BCE,0.1,0,
153,35265,Non-BCE,0.0104,0,
154,35448,BCE,1.2218,0,
155,35490,BCE,0.3594,0,
156,35821,Non-BCE,0.0835,0,
157,35896,Non-BCE,0.0608,0,
158,36275,BCE,0.6835,0,
159,36395,BCE,0.4447,0,
160,36556,BCE,0.6891,0,
161,36817,Non-BCE,0.3435,0,
162,36976,Non-BCE,0.1905,0,
163,36978,Non-BCE,0.1735,0,
164,37044,Non-BCE,0.0798,0,
165,37071,Non-BCE,0.0267,0,
166,37380,Non-BCE,0.0945,0,
167,37707,BCE,1.3586,0,
168,38175,Non-BCE,0.0961,0,
169,38206,BCE,1.308,0,
170,38554,BCE,0.755,0,
171,38790,BCE,0.8503,0,
172,38820,BCE,1.0375,0,
173,38841,BCE,1.351,0,
174,38845,Non-BCE,0.2066,0,
175,38846,BCE,1.1539,0,
176,38972,Non-BCE,0.1947,0,
177,39035,Non-BCE,0.1489,0,
178,39157,Non-BCE,0.0821,0,
179,39158,BCE,1.2405,0,
180,39175,BCE,1.0334,0,
181,39410,BCE,0.3747,0,
182,39605,BCE,0.4759,0,
183,39965,Non-BCE,0.1567,0,
184,39966,BCE,0.888,0,
185,40538,Non-BCE,0.1444,0,
186,41005,BCE,1.3696,0,
187,41226,BCE,0.7052,0,
188,41355,BCE,0.979,0,
189,41410,BCE,1.3654,0,
190,41825,BCE,0.3592,0,
191,42147,BCE,0.9822,0,
192,42383,Non-BCE,0.1319,0,
193,42496,BCE,0.8613,0,
194,42544,Non-BCE,0.3178,0,
195,42718,Non-BCE,0.3369,0,
196,42982,BCE,0.6589,0,
197,43140,BCE,0.907,0,
198,43431,Non-BCE,0.1744,0,
199,43562,BCE,0.4246,0,
200,43593,BCE,1.0368,0,
201,43613,Non-BCE,0.2322,0,
202,44334,Non-BCE,0.2657,0,
203,44646,Non-BCE,0.0839,0,
204,44664,BCE,0.7787,0,
205,44748,BCE,1.073,0,
206,44834,Non-BCE,0.2054,0,
207,44859,Non-BCE,0.1018,0,
208,44878,BCE,1.1202,0,
209,44987,Non-BCE,0.2629,0,
210,45215,Non-BCE,0.1567,0,
211,45521,Non-BCE,0.3013,0,
212,45535,BCE,0.8561,0,
213,45870,BCE,0.5002,0,
214,47199,BCE,0.9955,0,
215,47423,Non-BCE,0.2776,0,
216,48064,Non-BCE,0.1094,0,
217,48159,BCE,1.0643,0,
218,48582,BCE,0.3743,0,
219,48739,BCE,0.7865,0,
220,48959,Non-BCE,0.1266,0,
221,49198,BCE,0.5018,0,
222,49247,BCE,0.8137,0,
223,49481,Non-BCE,0.1644,0,
224,49483,BCE,1.0869,0,
225,49494,BCE,1.1306,0,
226,50078,Non-BCE,0.1865,0,
227,50417,BCE,0.9717,0,
228,50576,BCE,0.8837,0,
229,50685,BCE,0.5209,0,
230,50789,Non-BCE,0.1334,0,
231,50850,BCE,0.5363,0,
232,50969,Non-BCE,0.0993,0,
233,50999,BCE,0.8094,0,
234,51022,Non-BCE,0.2712,0,
235,51025,Non-BCE,0.334,0,
236,51241,Non-BCE,0.3267,0,
237,51327,Non-BCE,0.1117,0,
238,51690,BCE,0.7547,0,
239,51733,BCE,0.826,0,
240,51830,BCE,1.3534,0,
241,51845,BCE,0.5322,0,
242,52041,Non-BCE,0.2065,0,
243,52192,Non-BCE,0.1543,0,
244,52240,Non-BCE,0.0541,0,
245,52246,BCE,0.9184,0,
246,52414,Non-BCE,0.1292,0,
247,52416,Non-BCE,0.201,0,
248,52830,BCE,1.1862,0,
249,53259,BCE,0.6352,0,
250,53308,Non-BCE,0.143,0,
251,53309,BCE,1.3141,0,
252,53408,BCE,1.3818,0,
253,53423,Non-BCE,0.024,0,
254,53506,Non-BCE,0.3374,0,
255,53631,Non-BCE,0.2195,0,
256,53670,BCE,0.8756,0,
257,53820,Non-BCE,0.2625,0,
258,53821,BCE,1.3122,0,
259,53854,BCE,0.9993,0,
260,53954,BCE,0.7648,0,
261,53961,Non-BCE,0.2819,0,
262,53962,Non-BCE,0.1548,0,
263,54483,Non-BCE,0.1178,0,
264,54554,BCE,0.8446,0,
265,54970,Non-BCE,0.2323,0,
266,55021,Non-BCE,0.3191,0,
267,55403,BCE,0.988,0,
268,55545,BCE,0.6488,0,
269,55845,BCE,1.0073,0,
270,56239,Non-BCE,0.1479,0,
271,56963,BCE,1.136,0,
272,57382,BCE,1.1944,0,
273,57565,Non-BCE,0.0552,0,
274,59010,BCE,0.4306,0,
275,59066,BCE,0.6921,0,
276,59792,Non-BCE,0.3351,0,
277,60016,Non-BCE,0.2035,0,
278,60349,BCE,1.158,0,
279,60779,BCE,1.2715,0,
280,61305,BCE,0.7067,0,
281,61645,Non-BCE,0.1215,0,
282,62154,BCE,1.3527,0,
283,62238,Non-BCE,0.1357,0,
284,62400,BCE,0.5814,0,
285,62434,Non-BCE,0.1121,0,
286,62769,BCE,0.4006,0,
287,64774,Non-BCE,0.3397,0,
288,65351,BCE,1.372,0,
289,65858,Non-BCE,0.0417,0,
290,66289,BCE,1.0598,0,
291,67000,Non-BCE,0.0977,0,
292,67659,Non-BCE,0.0166,0,
293,67691,BCE,1.3247,0,
294,67846,BCE,1.3886,0,
295,68068,Non-BCE,0.113,0,
296,68132,BCE,0.8699,0,
297,68219,Non-BCE,0.1465,0,
298,68245,Non-BCE,0.2718,0,
299,69088,BCE,0.4381,0,
300,69152,Non-BCE,0.3246,0,
301,69158,Non-BCE,0.3325,0,
302,70216,BCE,0.3784,0,
303,70296,Non-BCE,0.151,0,
304,70373,BCE,1.2301,0,
305,71140,BCE,0.7779,0,
306,71505,Non-BCE,0.1281,0,
307,71675,BCE,0.4779,0,
308,72177,BCE,0.9733,0,
309,72724,Non-BCE,0.1623,0,
310,72934,Non-BCE,0.2352,0,
311,73292,BCE,0.544,0,
312,73538,Non-BCE,0.1431,0,
313,73676,BCE,1.1391,0,
314,74143,BCE,1.1648,0,
315,74161,BCE,0.8752,0,
316,74303,BCE,0.5632,0,
317,75787,BCE,0.7799,0,
318,75816,Non-BCE,0.2275,0,
319,75860,Non-BCE,0.2144,0,
320,75861,BCE,1.3418,0,
321,75862,BCE,1.1521,0,
322,95202,BCE,0.9457,0,
323,95217,BCE,0.796,0,
324,95233,BCE,1.1691,0,
325,95248,BCE,0.8833,0,
326,95302,BCE,1.3217,0,
327,95309,BCE,0.5657,0,
328,95311,BCE,1.189,0,
329,95316,Non-BCE,0.2969,0,
330,95333,BCE,1.2014,0,
331,95343,BCE,0.6086,0,
332,95476,BCE,0.8943,0,
333,95487,BCE,1.1971,0,
334,95492,BCE,1.2028,0,
335,95496,BCE,1.2492,0,
336,95500,BCE,0.6285,0,
337,95525,BCE,0.8451,0,
338,95530,BCE,0.8269,0,
339,95533,BCE,1.0958,0,
340,95551,BCE,0.4721,0,
341,95554,BCE,1.0184,0,
342,95557,BCE,1.0615,0,
343,95559,BCE,0.5549,0,
344,95598,BCE,0.9597,0,
345,95648,Non-BCE,0.2655,0,
346,95714,BCE,0.7674,0,
347,95716,BCE,1.1713,0,
348,95740,BCE,1.2511,0,
349,95745,BCE,0.9761,0,
350,95823,BCE,0.8989,0,
351,95921,BCE,0.9549,0,
352,95953,BCE,1.0877,0,
353,95989,BCE,0.7176,0,
354,96001,BCE,1.2477,0,
355,96019,BCE,0.9291,0,
356,96225,Non-BCE,0.0124,0,
357,96525,Non-BCE,0.0999,0,
358,96889,Non-BCE,0.0355,0,
359,97033,BCE,0.4051,0,
360,97100,Non-BCE,0.0198,0,
361,98677,BCE,0.7875,0,
362,98679,BCE,0.6425,0,
363,98681,BCE,0.879,0,
364,98682,BCE,0.7399,0,
365,98689,BCE,1.2308,0,
366,98691,BCE,1.1617,0,
367,98692,BCE,0.7765,0,
368,98693,BCE,1.051,0,
369,98696,BCE,0.4727,0,
370,98700,Non-BCE,0.3292,0,
371,98701,BCE,0.9897,0,
372,98703,BCE,0.7086,0,
373,98704,BCE,0.6598,0,
374,98707,BCE,1.2067,0,
375,98708,BCE,0.6775,0,
376,98710,BCE,0.9763,0,
377,98711,BCE,0.5048,0,
378,98713,BCE,0.68,0,
379,98723,BCE,0.7888,0,
380,98724,BCE,1.0579,0,
381,98725,BCE,1.1866,0,
382,98726,BCE,1.0363,0,
383,98727,BCE,0.9227,0,
384,98729,BCE,0.9322,0,
385,98730,BCE,0.9381,0,
386,98733,BCE,1.1916,0,
387,98734,BCE,0.6468,0,
388,98740,BCE,1.0941,0,
389,98742,BCE,0.7218,0,
390,98750,BCE,0.8415,0,
391,98751,Non-BCE,0.1323,0,
392,98752,Non-BCE,0.3481,0,
393,98754,BCE,0.6947,0,
394,98755,BCE,1.211,0,
395,98756,BCE,0.8373,0,
396,98760,BCE,0.7539,0,
397,98762,BCE,1.1158,0,
398,98763,Non-BCE,0.334,0,
399,98764,BCE,0.9803,0,
400,98766,BCE,0.5737,0,
401,98768,Non-BCE,0.1906,0,
402,98769,Non-BCE,0.3182,0,
403,98772,BCE,0.4119,0,
404,98773,BCE,1.1416,0,
405,98774,BCE,1.1833,0,
406,98776,Non-BCE,0.12,0,
407,98777,BCE,1.0388,0,
408,98782,BCE,1.0519,0,
409,98791,BCE,0.6488,0,
410,98803,BCE,0.8405,0,
411,98805,Non-BCE,0.1603,0,
412,98806,BCE,0.9229,0,
413,98812,BCE,1.1041,0,
414,98817,BCE,0.6182,0,
415,98820,BCE,0.9492,0,
416,98823,Non-BCE,0.1339,0,
417,98824,BCE,0.4448,0,
418,98830,BCE,0.6372,0,
419,98831,BCE,1.0541,0,
420,98833,BCE,0.6298,0,
421,98834,BCE,0.6934,0,
422,98836,BCE,1.1902,0,
423,98838,BCE,0.9899,0,
424,98840,BCE,1.1749,0,
425,98845,BCE,1.1131,0,
426,98846,BCE,0.7837,0,
427,98847,BCE,0.9941,0,
428,98848,BCE,0.481,0,
429,98849,BCE,1.2456,0,
430,98851,BCE,0.8239,0,
431,98857,BCE,1.1594,0,
432,98858,BCE,0.423,0,
433,98861,BCE,0.5504,0,
434,98862,Non-BCE,0.1738,0,
435,98864,BCE,1.0864,0,
436,98865,BCE,0.7442,0,
437,98868,BCE,0.7511,0,
438,98869,BCE,1.2381,0,
439,98870,Non-BCE,0.1009,0,
440,98872,BCE,1.2888,0,
441,98873,Non-BCE,0.1628,0,
442,98878,BCE,1.1623,0,
443,98880,BCE,0.9125,0,
444,98881,BCE,1.1014,0,
445,98882,BCE,1.0956,0,
446,98883,BCE,0.6162,0,
447,98885,BCE,1.0548,0,
448,98888,BCE,0.9233,0,
449,98889,Non-BCE,0.1227,0,
450,98892,BCE,0.3982,0,
451,98893,BCE,0.7421,0,
452,98895,Non-BCE,0.0054,0,
453,98896,BCE,0.913,0,
454,98897,BCE,1.1979,0,
455,98899,BCE,0.6892,0,
456,98902,BCE,0.5551,0,
457,98903,BCE,1.1309,0,
458,98904,BCE,0.6943,0,
459,98905,Non-BCE,0.0603,0,
460,98907,Non-BCE,0.1147,0,
461,98909,BCE,1.0744,0,
462,98911,BCE,0.3694,0,
463,98912,Non-BCE,0.228,0,
464,98913,Non-BCE,0.2754,0,
465,98914,Non-BCE,0.168,0,
466,98917,Non-BCE,0.1984,0,
467,98918,BCE,1.1605,0,
468,98919,BCE,0.9868,0,
469,98920,Non-BCE,0.0985,0,
470,98921,Non-BCE,0.1267,0,
471,98923,BCE,1.2183,0,
472,98926,Non-BCE,0.2745,0,
473,98928,BCE,0.5147,0,
474,98929,BCE,1.0509,0,
475,98936,BCE,0.3551,0,
476,98937,BCE,1.0886,0,
477,98946,BCE,0.9365,0,
478,98950,BCE,0.5561,0,
479,98952,BCE,0.4005,0,
480,98959,Non-BCE,0.1975,0,
481,98960,BCE,1.137,0,
482,98962,BCE,1.0958,0,
483,98965,Non-BCE,0.1542,0,
484,98972,BCE,0.9249,0,
485,98973,BCE,0.3747,0,
486,98974,BCE,1.2222,0,
487,98987,BCE,0.7886,0,
488,98991,BCE,1.1673,0,
489,98992,BCE,0.5196,0,
490,98993,Non-BCE,0.3299,0,
491,98994,BCE,0.9047,0,
492,98996,BCE,0.9103,0,
493,98997,BCE,0.918,0,
494,98998,BCE,1.0585,0,
495,99003,Non-BCE,0.0948,0,
496,99004,Non-BCE,0.331,0,
497,99005,BCE,0.7256,0,
498,99006,BCE,1.1478,0,
499,99023,Non-BCE,0.1248,0,
500,99024,BCE,1.1746,0,
501,99026,BCE,1.097,0,
502,99028,Non-BCE,0.2998,0,
503,99030,BCE,1.2092,0,
504,99032,Non-BCE,0.2685,0,
505,99035,BCE,1.1471,0,
506,99036,BCE,1.0668,0,
507,99037,BCE,1.2205,0,
508,99038,Non-BCE,0.109,0,
509,99039,BCE,1.1887,0,
510,99041,Non-BCE,0.1999,0,
511,99043,BCE,0.4339,0,
512,99049,BCE,1.1986,0,
513,99052,BCE,1.1117,0,
514,99054,BCE,1.1471,0,
515,99059,Non-BCE,0.228,0,
516,99061,BCE,0.5375,0,
517,99065,Non-BCE,0.1281,0,
518,99072,BCE,0.6743,0,
519,99073,BCE,1.2081,0,
520,99078,Non-BCE,0.1353,0,
521,99082,Non-BCE,0.0388,0,
522,99087,Non-BCE,0.1595,0,
523,99089,Non-BCE,0.1013,0,
524,99092,Non-BCE,0.2541,0,
525,99093,Non-BCE,0.1554,0,
526,99095,BCE,1.233,0,
527,99103,BCE,0.37,0,
528,99113,Non-BCE,0.1558,0,
529,99115,BCE,1.1891,0,
530,99116,Non-BCE,0.0559,0,
531,99120,Non-BCE,0.1959,0,
532,99139,Non-BCE,0.0377,0,
533,99148,Non-BCE,0.092,0,
534,99151,Non-BCE,0.1575,0,
535,99152,Non-BCE,0.1457,0,
536,99154,Non-BCE,0.0389,0,
537,99159,Non-BCE,0.0801,0,
538,99162,Non-BCE,0.0999,0,
539,99170,Non-BCE,0.1666,0,
540,99181,Non-BCE,0.0407,0,
541,99182,Non-BCE,0.1611,0,
542,99190,Non-BCE,0.0796,0,
543,99191,Non-BCE,0.2145,0,
544,99203,Non-BCE,0.0123,0,
545,99207,Non-BCE,0.1083,0,
546,99215,Non-BCE,0.054,0,
547,99218,BCE,0.6503,0,
548,99219,Non-BCE,0.3052,0,
549,99221,Non-BCE,0.0549,0,
550,99222,Non-BCE,0.0737,0,
551,99223,Non-BCE,0.2041,0,
552,99229,Non-BCE,0.0775,0,
553,99231,Non-BCE,0.1735,0,
554,99238,Non-BCE,0.1026,0,
555,99246,Non-BCE,0.0164,0,
556,99251,Non-BCE,0.1889,0,
557,99254,Non-BCE,0.1228,0,
558,99256,BCE,0.5904,0,
559,99271,Non-BCE,0.0554,0,
560,99278,BCE,0.8969,0,
561,99282,Non-BCE,0.1559,0,
562,99291,Non-BCE,0.2388,0,
563,99295,BCE,0.5755,0,
564,99297,Non-BCE,0.1175,0,
565,99299,Non-BCE,0.0482,0,
566,99300,Non-BCE,0.1083,0,
567,99301,Non-BCE,0.203,0,
568,99307,Non-BCE,0.2207,0,
569,99310,Non-BCE,0.1834,0,
570,99311,Non-BCE,0.1363,0,
571,99322,Non-BCE,0.1195,0,
572,99329,Non-BCE,0.2627,0,
573,99336,Non-BCE,0.0943,0,
574,99340,Non-BCE,0.1344,0,
575,99342,Non-BCE,0.0788,0,
576,99343,Non-BCE,0.1207,0,
577,99350,Non-BCE,0.1345,0,
578,99361,Non-BCE,0.1591,0,
579,99362,Non-BCE,0.0767,0,
580,99369,Non-BCE,0.1597,0,
581,99373,Non-BCE,0.0945,0,
582,99376,Non-BCE,0.2191,0,
583,99377,Non-BCE,0.042,0,
584,99391,Non-BCE,0.0767,0,
585,99409,Non-BCE,0.0331,0,
586,99415,Non-BCE,0.1169,0,
587,99418,Non-BCE,0.0307,0,
588,99428,Non-BCE,0.0928,0,
589,99437,Non-BCE,0.1943,0,
590,99441,Non-BCE,0.1599,0,
591,99446,Non-BCE,0.159,0,
592,99452,Non-BCE,0.1454,0,
593,99463,Non-BCE,0.1232,0,
594,99479,Non-BCE,0.2904,0,
595,99490,Non-BCE,0.1735,0,
596,99494,Non-BCE,0.1524,0,
597,99495,Non-BCE,0.1052,0,
598,99497,Non-BCE,0.1734,0,
599,99498,Non-BCE,0.1197,0,
600,99500,BCE,0.4169,0,
601,99501,Non-BCE,0.089,0,
602,99504,Non-BCE,0.2788,0,
603,99506,Non-BCE,0.1797,0,
604,99508,Non-BCE,0.01,0,
605,99509,Non-BCE,0.1026,0,
606,99512,Non-BCE,0.3208,0,
607,99517,Non-BCE,0.1696,0,
608,99519,Non-BCE,0.2038,0,
609,99522,Non-BCE,0.1642,0,
610,99523,Non-BCE,0.0386,0,
611,99525,Non-BCE,0.197,0,
612,99532,Non-BCE,0.2046,0,
613,99535,Non-BCE,0.0431,0,
614,99541,Non-BCE,0.1618,0,
615,99542,Non-BCE,0.1089,0,
616,99543,Non-BCE,0.1756,0,
617,99544,Non-BCE,0.1991,0,
618,99548,Non-BCE,0.1563,0,
619,99552,Non-BCE,0.0401,0,
620,99553,BCE,0.365,0,
621,99554,Non-BCE,0.173,0,
622,99555,Non-BCE,0.1509,0,
623,99557,Non-BCE,0.1275,0,
624,99564,Non-BCE,0.109,0,
625,99565,Non-BCE,0.1861,0,
626,99568,Non-BCE,0.2185,0,
627,99575,Non-BCE,0.2022,0,
628,99584,Non-BCE,0.096,0,
629,99585,BCE,1.0935,0,
630,99586,Non-BCE,0.1522,0,
631,99591,Non-BCE,0.2868,0,
632,99592,Non-BCE,0.0076,0,
633,99595,Non-BCE,0.0337,0,
634,99598,Non-BCE,0.1653,0,
635,99600,Non-BCE,0.1992,0,
636,99606,BCE,0.6717,0,
637,99608,Non-BCE,0.2078,0,
638,99610,Non-BCE,0.0949,0,
639,99611,Non-BCE,0.3081,0,
640,99612,Non-BCE,0.1242,0,
641,99614,BCE,0.6129,0,
642,99615,Non-BCE,0.0104,0,
643,99618,Non-BCE,0.0092,0,
644,99627,Non-BCE,0.0542,0,
645,99628,BCE,0.6241,0,
646,99629,Non-BCE,0.0406,0,
647,99632,Non-BCE,0.2019,0,
648,99635,Non-BCE,0.3227,0,
649,99639,Non-BCE,0.2214,0,
650,99640,Non-BCE,0.0573,0,
651,99641,Non-BCE,0.2151,0,
652,99642,Non-BCE,0.0809,0,
653,99644,BCE,0.8663,0,
654,99648,Non-BCE,0.1949,0,
655,99649,Non-BCE,0.071,0,
656,99650,Non-BCE,0.0086,0,
657,99652,Non-BCE,0.2473,0,
658,99654,Non-BCE,0.1713,0,
659,99658,Non-BCE,0.037,0,
660,99660,Non-BCE,0.1163,0,
661,99664,BCE,0.3717,0,
662,99669,Non-BCE,0.1049,0,
663,99678,Non-BCE,0.1171,0,
664,99680,Non-BCE,0.2802,0,
665,99684,Non-BCE,0.1526,0,
666,99685,BCE,0.9842,0,
667,99686,Non-BCE,0.0708,0,
668,99687,BCE,1.3509,0,
669,99689,Non-BCE,0.2312,0,
670,99693,Non-BCE,0.1767,0,
671,99695,BCE,0.6842,0,
672,99696,Non-BCE,0.1467,0,
673,99700,Non-BCE,0.1559,0,
674,99702,Non-BCE,0.0457,0,
675,99708,Non-BCE,0.2641,0,
676,99721,Non-BCE,0.1673,0,
677,99723,Non-BCE,0.2777,0,
678,99731,Non-BCE,0.2575,0,
679,99740,Non-BCE,0.1651,0,
680,99742,Non-BCE,0.0427,0,
681,99743,BCE,0.4085,0,
682,99744,Non-BCE,0.0241,0,
683,99748,Non-BCE,0.0937,0,
684,99754,Non-BCE,0.0054,0,
685,99756,Non-BCE,0.2349,0,
686,99758,Non-BCE,0.1387,0,
687,99767,Non-BCE,0.0361,0,
688,99769,BCE,0.8021,0,
689,99770,Non-BCE,0.1979,0,
690,99773,Non-BCE,0.1429,0,
691,99776,BCE,1.0996,0,
692,99781,BCE,0.7124,0,
693,99787,Non-BCE,0.0429,0,
694,105655,Non-BCE,0.1956,0,
695,105661,Non-BCE,0.3103,0,
696,105669,Non-BCE,0.1439,0,
697,105672,Non-BCE,0.1651,0,
698,105675,Non-BCE,0.1708,0,
699,105692,Non-BCE,0.0899,0,
700,105706,Non-BCE,0.2681,0,
701,105723,Non-BCE,0.1049,0,
702,105725,Non-BCE,0.1095,0,
703,105729,Non-BCE,0.2575,0,
704,105730,Non-BCE,0.1657,0,
705,105744,Non-BCE,0.2374,0,
706,105745,Non-BCE,0.1021,0,
707,105750,BCE,0.3704,0,
708,105754,Non-BCE,0.1234,0,
709,105760,Non-BCE,0.2757,0,
710,105761,Non-BCE,0.0955,0,
711,105765,Non-BCE,0.1251,0,
712,105767,Non-BCE,0.2804,0,
713,105785,Non-BCE,0.155,0,
714,105788,Non-BCE,0.2279,0,
715,105789,Non-BCE,0.1557,0,
716,105810,Non-BCE,0.1859,0,
717,105812,Non-BCE,0.1242,0,
718,105815,Non-BCE,0.1347,0,
719,105831,Non-BCE,0.1565,0,
720,105833,Non-BCE,0.184,0,
721,105837,Non-BCE,0.1497,0,
722,105841,Non-BCE,0.2595,0,
723,105843,BCE,0.8535,0,
724,105844,BCE,0.7963,0,
725,105846,Non-BCE,0.1888,0,
726,105847,Non-BCE,0.1563,0,
727,105849,Non-BCE,0.211,0,
728,105857,Non-BCE,0.3114,0,
729,105871,Non-BCE,0.2384,0,
730,105873,BCE,1.3203,0,
731,105882,Non-BCE,0.1363,0,
732,105913,Non-BCE,0.0829,0,
733,105922,Non-BCE,0.077,0,
734,105933,Non-BCE,0.1392,0,
735,105935,Non-BCE,0.2512,0,
736,105972,BCE,0.5196,0,
737,105973,Non-BCE,0.1336,0,
738,105980,Non-BCE,0.3294,0,
739,105984,Non-BCE,0.121,0,
740,105991,BCE,0.7236,0,
741,105994,Non-BCE,0.3131,0,
742,106005,Non-BCE,0.2262,0,
743,106011,Non-BCE,0.1773,0,
744,106015,Non-BCE,0.1803,0,
745,106022,Non-BCE,0.1717,0,
746,106023,BCE,0.6413,0,
747,106024,Non-BCE,0.1888,0,
748,106025,Non-BCE,0.1083,0,
749,106030,Non-BCE,0.0613,0,
750,106033,Non-BCE,0.0686,0,
751,106034,Non-BCE,0.301,0,
752,106037,Non-BCE,0.2606,0,
753,106038,Non-BCE,0.3101,0,
754,106044,Non-BCE,0.1611,0,
755,106045,BCE,0.5264,0,
756,106047,Non-BCE,0.2101,0,
757,106050,Non-BCE,0.1289,0,
758,106052,Non-BCE,0.0978,0,
759,106054,Non-BCE,0.2589,0,
760,106060,Non-BCE,0.2079,0,
761,106071,BCE,0.3511,0,
762,106072,Non-BCE,0.3192,0,
763,106078,BCE,0.9515,0,
764,106083,BCE,0.6031,0,
765,106087,BCE,0.3997,0,
766,106088,BCE,0.8205,0,
767,106097,Non-BCE,0.1675,0,
768,106113,Non-BCE,0.1368,0,
769,106116,BCE,1.0174,0,
770,106132,Non-BCE,0.1463,0,
771,106143,Non-BCE,0.1285,0,
772,106151,Non-BCE,0.1319,0,
773,106156,Non-BCE,0.1087,0,
774,106172,Non-BCE,0.2407,0,
775,106179,Non-BCE,0.0836,0,
776,106188,Non-BCE,0.1652,0,
777,106190,BCE,0.442,0,
778,106193,BCE,0.4186,0,
779,106194,Non-BCE,0.3471,0,
780,106203,Non-BCE,0.1287,0,
781,106204,BCE,0.5756,0,
782,106205,Non-BCE,0.2934,0,
783,106211,Non-BCE,0.097,0,
784,107756,BCE,1.0706,0,
785,107767,BCE,0.9076,0,
786,108055,BCE,1.1667,0,
787,108228,BCE,0.783,0,
788,114257,Non-BCE,0.0631,0,
789,114273,Non-BCE,0.1228,0,
790,114294,Non-BCE,0.1232,0,
791,114297,Non-BCE,0.2501,0,
792,114298,Non-BCE,0.3347,0,
793,114306,Non-BCE,0.1496,0,
794,114309,Non-BCE,0.1606,0,
795,114314,Non-BCE,0.0771,0,
796,114316,Non-BCE,0.3479,0,
797,114326,Non-BCE,0.2295,0,
798,114336,Non-BCE,0.1238,0,
799,114337,Non-BCE,0.1918,0,
800,114338,Non-BCE,0.1615,0,
801,114344,Non-BCE,0.1059,0,
802,114349,Non-BCE,0.2729,0,
803,114355,Non-BCE,0.1093,0,
804,114356,Non-BCE,0.1931,0,
805,114365,Non-BCE,0.1853,0,
806,114373,Non-BCE,0.0778,0,
807,114378,Non-BCE,0.2814,0,
808,114379,Non-BCE,0.2167,0,
809,114380,Non-BCE,0.1348,0,
810,114394,BCE,1.1756,0,
811,114401,Non-BCE,0.1034,0,
812,114403,Non-BCE,0.2273,0,
813,114418,Non-BCE,0.0397,0,
814,114421,BCE,0.4187,0,
815,114427,Non-BCE,0.1226,0,
816,114439,Non-BCE,0.1564,0,
817,114447,Non-BCE,0.0951,0,
818,114451,Non-BCE,0.2923,0,
819,114459,Non-BCE,0.2664,0,
820,114460,Non-BCE,0.1184,0,
821,114466,Non-BCE,0.3354,0,
822,114475,Non-BCE,0.2402,0,
823,114478,Non-BCE,0.1519,0,
824,114481,Non-BCE,0.1249,0,
825,114482,BCE,0.6229,0,
826,114489,Non-BCE,0.2088,0,
827,114492,Non-BCE,0.21,0,
828,114494,BCE,0.7739,0,
829,114500,Non-BCE,0.2562,0,
830,114507,BCE,0.4082,0,
831,114513,Non-BCE,0.086,0,
832,114514,BCE,0.4085,0,
833,114520,Non-BCE,0.173,0,
834,114524,Non-BCE,0.2518,0,
835,114526,Non-BCE,0.2414,0,
836,114539,Non-BCE,0.1283,0,
837,114540,Non-BCE,0.0971,0,
838,114544,Non-BCE,0.16,0,
839,114546,Non-BCE,0.1186,0,
840,114547,Non-BCE,0.1815,0,
841,114549,Non-BCE,0.2111,0,
842,114551,Non-BCE,0.3089,0,
843,114560,Non-BCE,0.1957,0,
844,114568,Non-BCE,0.1582,0,
845,114574,Non-BCE,0.1258,0,
846,114576,Non-BCE,0.141,0,
847,114588,Non-BCE,0.0621,0,
848,114591,Non-BCE,0.1357,0,
849,114593,BCE,0.56,0,
850,114599,Non-BCE,0.2081,0,
851,114606,BCE,0.6177,0,
852,114614,Non-BCE,0.2949,0,
853,114624,Non-BCE,0.2037,0,
854,114631,Non-BCE,0.1275,0,
855,114633,Non-BCE,0.164,0,
856,114634,Non-BCE,0.1621,0,
857,114638,Non-BCE,0.2098,0,
858,114641,Non-BCE,0.1895,0,
859,114648,Non-BCE,0.1389,0,
860,114651,BCE,0.3814,0,
861,114663,Non-BCE,0.2241,0,
862,114668,Non-BCE,0.1487,0,
863,114677,Non-BCE,0.3108,0,
864,114679,Non-BCE,0.1865,0,
865,114686,Non-BCE,0.1353,0,
866,115171,BCE,1.3363,0,
867,115174,BCE,1.2713,0,
868,115178,BCE,1.2899,0,
869,115186,BCE,1.2926,0,
870,115198,BCE,1.3873,0,
871,115221,BCE,1.2605,0,
872,115232,BCE,1.3483,0,
873,115247,BCE,1.2452,0,
874,115249,BCE,1.3526,0,
875,115262,BCE,1.2318,0,
876,115332,BCE,1.2667,0,
877,115341,BCE,1.0086,0,
878,115348,BCE,0.7546,0,
879,115353,BCE,1.2528,0,
880,115366,BCE,1.2811,0,
881,115383,BCE,0.3879,0,
882,115389,BCE,1.2876,0,
883,115407,BCE,1.3424,0,
884,115411,BCE,1.3931,0,
885,115443,BCE,1.1576,0,
886,115457,BCE,1.3286,0,
887,115504,BCE,1.352,0,
888,115522,BCE,0.4628,0,
889,115557,BCE,1.3144,0,
890,116774,Non-BCE,0.1633,0,
891,116780,Non-BCE,0.0734,0,
892,116785,Non-BCE,0.0941,0,
893,116800,Non-BCE,0.1534,0,
894,116805,Non-BCE,0.0912,0,
895,137513,Non-BCE,0.1284,0,
896,137515,Non-BCE,0.3161,0,
897,137517,Non-BCE,0.1216,0,
898,137518,Non-BCE,0.0412,0,
899,137520,Non-BCE,0.1854,0,
900,137521,Non-BCE,0.1221,0,
901,137522,Non-BCE,0.1089,0,
902,137523,Non-BCE,0.0632,0,
903,137524,Non-BCE,0.2321,0,
904,137529,Non-BCE,0.1414,0,
905,137531,Non-BCE,0.3095,0,
906,137534,Non-BCE,0.1133,0,
907,137537,BCE,0.381,0,
908,137541,Non-BCE,0.2175,0,
909,137543,Non-BCE,0.1866,0,
910,137545,Non-BCE,0.2849,0,
911,137549,Non-BCE,0.0759,0,
912,137552,Non-BCE,0.1241,0,
913,137553,Non-BCE,0.1553,0,
914,137559,BCE,0.686,0,
915,137560,Non-BCE,0.3089,0,
916,137561,Non-BCE,0.1623,0,
917,137562,Non-BCE,0.1093,0,
918,137563,Non-BCE,0.1848,0,
919,137564,Non-BCE,0.1827,0,
920,137565,BCE,0.4835,0,
921,137567,Non-BCE,0.3416,0,
922,137569,Non-BCE,0.0961,0,
923,137570,Non-BCE,0.0952,0,
924,137571,Non-BCE,0.1536,0,
925,137572,Non-BCE,0.0625,0,
926,137573,Non-BCE,0.0975,0,
927,137578,Non-BCE,0.2695,0,
928,137582,BCE,0.9831,0,
929,137583,Non-BCE,0.2394,0,
930,137584,Non-BCE,0.1747,0,
931,137585,Non-BCE,0.1586,0,
932,147518,BCE,1.2304,0,
933,148385,BCE,0.5808,0,
934,148554,BCE,0.941,0,
935,148608,BCE,1.385,0,
936,148716,BCE,1.424,0,
937,148721,BCE,1.2704,0,
938,148742,BCE,1.3674,0,
939,148761,BCE,1.4087,0,
940,148804,BCE,1.2329,0,
941,148832,BCE,1.2736,0,
942,148867,BCE,1.4328,0,
943,148903,BCE,1.3672,0,
944,148949,BCE,1.3221,0,
945,148963,BCE,1.3693,0,
946,148978,BCE,1.3702,0,
947,148995,BCE,1.3938,0,
948,156235,Non-BCE,0.1709,0,
949,156237,Non-BCE,0.2131,0,
950,156238,Non-BCE,0.1488,0,
951,156239,Non-BCE,0.2186,0,
952,156241,Non-BCE,0.1475,0,
953,156245,Non-BCE,0.193,0,
954,156251,Non-BCE,0.2035,0,
955,156252,Non-BCE,0.1323,0,
956,156253,Non-BCE,0.1634,0,
957,156254,Non-BCE,0.1641,0,
958,156255,Non-BCE,0.0973,0,
959,156256,Non-BCE,0.1389,0,
960,156257,Non-BCE,0.2599,0,
961,156258,Non-BCE,0.1874,0,
962,156259,Non-BCE,0.1562,0,
963,156263,Non-BCE,0.111,0,
964,156266,BCE,0.3923,0,
965,156269,Non-BCE,0.2892,0,
966,156270,BCE,0.7561,0,
967,156279,BCE,0.4909,0,
968,156280,Non-BCE,0.1125,0,
969,156281,BCE,0.6901,0,
970,156282,BCE,0.4723,0,
971,156283,BCE,0.8381,0,
972,156284,BCE,0.5241,0,
973,156285,Non-BCE,0.0839,0,
974,156286,Non-BCE,0.1148,0,
975,156288,Non-BCE,0.1255,0,
976,156289,Non-BCE,0.25,0,
977,156294,Non-BCE,0.2222,0,
978,156295,BCE,0.7171,0,
979,156300,Non-BCE,0.1178,0,
980,156303,BCE,1.061,0,
981,156304,Non-BCE,0.2497,0,
982,156307,Non-BCE,0.1147,0,
983,156309,Non-BCE,0.2434,0,
984,156316,Non-BCE,0.2008,0,
985,156320,Non-BCE,0.1339,0,
986,156322,BCE,0.5221,0,
987,156323,Non-BCE,0.2158,0,
988,156324,Non-BCE,0.2389,0,
989,156327,Non-BCE,0.2244,0,
990,156331,Non-BCE,0.2314,0,
991,156333,Non-BCE,0.213,0,
992,156334,Non-BCE,0.2457,0,
993,156342,BCE,0.3671,0,
994,156345,Non-BCE,0.1083,0,
995,156352,Non-BCE,0.0827,0,
996,156353,Non-BCE,0.103,0,
997,156355,Non-BCE,0.0808,0,
998,156360,Non-BCE,0.1097,0,
999,156362,Non-BCE,0.0957,0,
1000,156363,Non-BCE,0.2938,0,
1001,156364,Non-BCE,0.1037,0,
1002,156365,Non-BCE,0.1153,0,
1003,156367,Non-BCE,0.1399,0,
1004,156368,BCE,0.3666,0,
1005,156369,Non-BCE,0.1162,0,
1006,156372,Non-BCE,0.2088,0,
1007,156374,Non-BCE,0.1446,0,
1008,156375,Non-BCE,0.1152,0,
1009,156384,BCE,0.4018,0,
1010,156385,Non-BCE,0.1545,0,
1011,156387,Non-BCE,0.1903,0,
1012,156388,Non-BCE,0.1484,0,
1013,156389,Non-BCE,0.2255,0,
1014,156390,Non-BCE,0.2318,0,
1015,156391,Non-BCE,0.2122,0,
1016,156393,Non-BCE,0.1572,0,
1017,156395,Non-BCE,0.1285,0,
1018,156396,Non-BCE,0.2161,0,
1019,156397,Non-BCE,0.1623,0,
1020,156398,Non-BCE,0.1411,0,
1021,156400,BCE,0.8548,0,
1022,156401,Non-BCE,0.0621,0,
1023,156402,Non-BCE,0.2468,0,
1024,156403,BCE,0.3988,0,
1025,156404,Non-BCE,0.0705,0,
1026,156409,Non-BCE,0.1484,0,
1027,156410,BCE,0.7472,0,
1028,156412,Non-BCE,0.1727,0,
1029,156413,Non-BCE,0.1144,0,
1030,156414,BCE,0.4309,0,
1031,156418,Non-BCE,0.132,0,
1032,156419,Non-BCE,0.1472,0,
1033,156420,Non-BCE,0.2328,0,
1034,156422,Non-BCE,0.1951,0,
1035,156428,Non-BCE,0.2093,0,
1036,156429,BCE,0.9239,0,
1037,156431,BCE,0.6547,0,
1038,156432,Non-BCE,0.1903,0,
1039,156433,Non-BCE,0.199,0,
1040,156434,BCE,1.1335,0,
1041,156436,Non-BCE,0.0669,0,
1042,156440,Non-BCE,0.258,0,
1043,156441,Non-BCE,0.1707,0,
1044,156442,Non-BCE,0.1936,0,
1045,156443,BCE,0.4933,0,
1046,156445,BCE,0.4399,0,
1047,156446,Non-BCE,0.1082,0,
1048,156447,Non-BCE,0.2132,0,
1049,156450,Non-BCE,0.1323,0,
1050,156456,BCE,0.5473,0,
1051,156463,Non-BCE,0.1741,0,
1052,156465,Non-BCE,0.1015,0,
1053,156466,Non-BCE,0.1434,0,
1054,156471,Non-BCE,0.2929,0,
1055,156473,Non-BCE,0.1929,0,
1056,156475,Non-BCE,0.1866,0,
1057,156478,Non-BCE,0.2641,0,
1058,156481,BCE,1.1265,0,
1059,156482,Non-BCE,0.3284,0,
1060,157044,BCE,0.8241,0,
1061,157045,BCE,0.7885,0,
1062,157048,BCE,0.9844,0,
1063,157053,BCE,0.6216,0,
1064,157055,BCE,1.2302,0,
1065,157070,BCE,0.5422,0,
1066,157108,BCE,0.4303,0,
1067,157126,BCE,0.5684,0,
1068,157155,BCE,0.584,0,
1069,157157,BCE,0.8386,0,
1070,157159,BCE,0.7737,0,
1071,157174,BCE,0.5686,0,
1072,157175,BCE,0.8256,0,
1073,157176,BCE,0.8531,0,
1074,157185,BCE,0.9061,0,
1075,157187,BCE,0.5989,0,
1076,157188,BCE,0.9902,0,
1077,157192,BCE,0.8223,0,
1078,157196,BCE,1.3096,0,
1079,157215,BCE,0.4136,0,
1080,157216,BCE,0.521,0,
1081,157227,BCE,0.6631,0,
1082,157236,BCE,1.1846,0,
1083,157274,BCE,0.9012,0,
1084,157345,BCE,1.0175,0,
1085,157346,BCE,0.567,0,
1086,157356,BCE,0.853,0,
1087,157365,BCE,0.8595,0,
1088,157384,BCE,1.2176,0,
1089,157389,BCE,1.1264,0,
1090,157392,BCE,1.0082,0,
1091,157394,BCE,1.0931,0,
1092,157396,BCE,0.5607,0,
1093,157422,BCE,1.0068,0,
1094,157451,BCE,1.2769,0,
1095,157513,BCE,0.5033,0,
1096,157527,Non-BCE,0.1555,0,
1097,157534,BCE,1.1156,0,
1098,157607,BCE,0.4065,0,
1099,157615,BCE,0.3506,0,
1100,157624,BCE,0.7594,0,
1101,157625,Non-BCE,0.2087,0,
1102,157626,BCE,1.2223,0,
1103,157644,BCE,0.3962,0,
1104,157649,BCE,0.5477,0,
1105,157650,Non-BCE,0.3297,0,
1106,157688,BCE,0.9369,0,
1107,157689,BCE,1.1289,0,
1108,157697,Non-BCE,0.2155,0,
1109,157698,BCE,0.4619,0,
1110,157727,Non-BCE,0.3074,0,
1111,157728,BCE,0.8968,0,
1112,157742,Non-BCE,0.214,0,
1113,157763,BCE,0.7689,0,
1114,157764,BCE,1.1526,0,
1115,157767,BCE,0.6291,0,
1116,157786,BCE,0.9946,0,
1117,157792,BCE,0.6405,0,
1118,157795,BCE,1.1271,0,
1119,157802,BCE,1.0295,0,
1120,157803,BCE,1.2597,0,
1121,157825,BCE,1.0528,0,
1122,157836,BCE,0.9059,0,
1123,157840,Non-BCE,0.3102,0,
1124,157841,BCE,1.2787,0,
1125,157842,BCE,0.6132,0,
1126,157848,BCE,1.0402,0,
1127,157849,BCE,0.4809,0,
1128,157874,BCE,0.9609,0,
1129,157899,BCE,1.2179,0,
1130,157901,BCE,1.2528,0,
1131,157904,BCE,0.825,0,
1132,157905,BCE,0.9916,0,
1133,157916,BCE,1.1187,0,
1134,157924,BCE,0.448,0,
1135,157928,BCE,0.8061,0,
1136,157930,BCE,0.7881,0,
1137,157934,BCE,0.9083,0,
1138,158294,BCE,0.6587,0,
1139,158308,BCE,1.1941,0,
1140,158328,BCE,0.9368,0,
1141,158333,BCE,0.652,0,
1142,158334,BCE,1.2609,0,
1143,158378,BCE,0.6889,0,
1144,158399,BCE,0.8883,0,
1145,158405,BCE,0.5213,0,
1146,158413,Non-BCE,0.3498,0,
1147,158415,BCE,1.0953,0,
1148,158417,BCE,1.2293,0,
1149,158423,BCE,0.7255,0,
1150,158459,BCE,0.9014,0,
1151,158460,BCE,0.7024,0,
1152,158461,BCE,1.1161,0,
1153,158462,BCE,0.9387,0,
1154,158465,BCE,0.6022,0,
1155,158481,BCE,1.254,0,
1156,158515,BCE,1.0813,0,
1157,158520,Non-BCE,0.1604,0,
1158,158526,BCE,0.789,0,
1159,158528,BCE,1.192,0,
1160,161640,BCE,0.8774,0,
1161,168190,Non-BCE,0.1381,0,
1162,170104,Non-BCE,0.2078,0,
1163,174051,Non-BCE,0.0086,0,
1164,174086,Non-BCE,0.0156,0,
1165,174261,Non-BCE,0.0653,0,
1166,174287,Non-BCE,0.2658,0,
1167,177586,BCE,1.0855,0,
1168,177666,BCE,0.851,0,
1169,177774,BCE,0.5235,0,
1170,177796,BCE,0.6924,0,
1171,177807,Non-BCE,0.3059,0,
1172,177841,BCE,0.4241,0,
1173,177922,BCE,0.6804,0,
1174,177991,BCE,0.7209,0,
1175,178022,BCE,0.6466,0,
1176,178033,BCE,0.9464,0,
1177,178081,BCE,0.5686,0,
1178,178084,BCE,1.0607,0,
1179,190380,Non-BCE,0.0821,0,
1180,190386,Non-BCE,0.2973,0,
1181,190387,BCE,0.4183,0,
1182,190402,Non-BCE,0.1287,0,
1183,190407,Non-BCE,0.2537,0,
1184,190449,BCE,0.3906,0,
1185,190450,Non-BCE,0.0535,0,
1186,190451,Non-BCE,0.0053,0,
1187,190458,Non-BCE,0.1479,0,
1188,190461,Non-BCE,0.2503,0,
1189,190468,Non-BCE,0.2029,0,
1190,190471,Non-BCE,0.2272,0,
1191,190521,Non-BCE,0.0188,0,
1192,190538,Non-BCE,0.1467,0,
1193,190549,Non-BCE,0.1199,0,
1194,190595,Non-BCE,0.233,0,
1195,190602,Non-BCE,0.1244,0,
1196,190770,BCE,0.6729,0,
1197,190805,BCE,1.2956,0,
1198,190927,BCE,1.3369,0,
1199,190928,BCE,1.3732,0,
1200,190934,BCE,1.3732,0,
1201,190935,BCE,1.3938,0,
1202,190936,BCE,1.4145,0,
1203,190940,BCE,1.4374,0,
1204,190951,BCE,1.1917,0,
1205,190955,BCE,0.7071,0,
1206,190989,BCE,1.3383,0,
1207,229608,BCE,1.2038,0,
1208,229679,Non-BCE,0.2167,0,
1209,229695,Non-BCE,0.153,0,
1210,229696,Non-BCE,0.1438,0,
1211,229733,BCE,1.2352,0,
1212,229845,Non-BCE,0.1637,0,
1213,229847,Non-BCE,0.1973,0,
1214,230204,BCE,1.1774,0,
1215,230253,BCE,1.3136,0,
1216,233429,BCE,0.4443,0,
1217,233503,BCE,0.3856,0,
1218,419587,BCE,1.0734,0,
1219,421339,Non-BCE,0.1369,0,
1220,421516,BCE,0.4377,0,
1221,423653,BCE,0.4668,0,
1222,423691,BCE,0.6379,0,
1223,423759,BCE,1.1437,0,
1224,423780,BCE,0.6143,0,
1225,450400,BCE,1.0475,0,
1226,450401,BCE,0.6911,0,
1227,450402,BCE,0.8635,0,
1228,450404,BCE,0.4453,0,
1229,450406,BCE,0.3825,0,
1230,450407,BCE,0.7847,0,
1231,450409,BCE,0.8469,0,
1232,450412,BCE,0.9704,0,
1233,450413,BCE,1.0904,0,
1234,450414,BCE,1.1428,0,
1235,450415,BCE,1.3458,0,
1236,450416,BCE,1.3108,0,
1237,450417,BCE,0.6217,0,
1238,450418,BCE,0.7624,0,
1239,450419,BCE,1.0858,0,
1240,450420,BCE,1.2859,0,
1241,450421,BCE,0.6738,0,
1242,450424,BCE,1.0037,0,
1243,450425,BCE,0.4127,0,
1244,450428,BCE,1.1058,0,
1245,450430,BCE,0.6579,0,
1246,450435,Non-BCE,0.2786,0,
1247,450436,BCE,1.2693,0,
1248,450439,BCE,1.2124,0,
1249,450442,BCE,0.5152,0,
1250,450443,BCE,1.2219,0,
1251,450444,Non-BCE,0.2697,0,
1252,450445,Non-BCE,0.2628,0,
1253,450446,BCE,0.5197,0,
1254,450449,Non-BCE,0.2247,0,
1255,450451,BCE,1.1214,0,
1256,450453,BCE,1.1343,0,
1257,450455,BCE,1.1552,0,
1258,450456,BCE,1.0557,0,
1259,450457,BCE,0.818,0,
1260,450458,BCE,0.6952,0,
1261,450459,BCE,1.1877,0,
1262,450460,Non-BCE,0.1648,0,
1263,450461,BCE,1.2608,0,
1264,450462,BCE,0.4818,0,
1265,450466,BCE,1.3296,0,
1266,450467,BCE,0.6604,0,
1267,450468,BCE,1.3736,0,
1268,450469,BCE,0.5864,0,
1269,450470,BCE,1.113,0,
1270,450471,BCE,0.8581,0,
1271,450472,BCE,0.6515,0,
1272,450475,BCE,0.9432,0,
1273,450476,BCE,1.1019,0,
1274,450477,BCE,0.4261,0,
1275,450478,BCE,1.0164,0,
1276,450479,Non-BCE,0.2123,0,
1277,450480,BCE,0.509,0,
1278,450482,BCE,1.2672,0,
1279,450483,Non-BCE,0.2124,0,
1280,450484,Non-BCE,0.3293,0,
1281,450485,BCE,0.7068,0,
1282,450486,BCE,1.2018,0,
1283,450488,BCE,1.2702,0,
1284,450489,BCE,1.3836,0,
1285,450490,BCE,1.2577,0,
1286,450491,BCE,1.1565,0,
1287,450492,BCE,1.1306,0,
1288,450493,BCE,0.4954,0,
1289,450494,BCE,1.3737,0,
1290,450496,BCE,0.5813,0,
1291,450498,Non-BCE,0.2147,0,
1292,450499,BCE,1.278,0,
1293,450500,BCE,1.1421,0,
1294,450501,BCE,0.583,0,
1295,450502,BCE,0.6885,0,
1296,450504,BCE,0.4845,0,
1297,450505,BCE,0.6039,0,
1298,450506,BCE,0.3952,0,
1299,450507,BCE,1.1451,0,
1300,450508,BCE,0.6623,0,
1301,450509,BCE,1.0629,0,
1302,450510,BCE,0.3668,0,
1303,450511,BCE,1.1547,0,
1304,450512,Non-BCE,0.3227,0,
1305,450513,Non-BCE,0.2511,0,
1306,450514,BCE,1.175,0,
1307,450515,BCE,0.9908,0,
1308,450516,BCE,1.0611,0,
1309,450517,BCE,0.6464,0,
1310,450518,BCE,1.0528,0,
1311,450519,BCE,1.2627,0,
1312,450520,BCE,1.124,0,
1313,450521,BCE,0.609,0,
1314,450522,BCE,1.2763,0,
1315,450523,Non-BCE,0.3335,0,
1316,450524,BCE,1.2614,0,
1317,450525,BCE,1.3291,0,
1318,450527,BCE,0.9142,0,
1319,450528,BCE,0.6796,0,
1320,450529,BCE,0.8778,0,
1321,450530,BCE,0.5142,0,
1322,450531,BCE,0.8424,0,
1323,450532,BCE,1.2393,0,
1324,450533,BCE,1.204,0,
1325,450534,BCE,0.6869,0,
1326,450535,BCE,1.1964,0,
1327,450536,BCE,1.0679,0,
1328,450537,Non-BCE,0.2159,0,
1329,450538,BCE,0.4535,0,
1330,450539,Non-BCE,0.1385,0,
1331,450540,BCE,0.9211,0,
1332,450541,BCE,0.5928,0,
1333,450542,BCE,0.4314,0,
1334,450543,BCE,1.1023,0,
1335,450545,BCE,0.5136,0,
1336,450547,BCE,0.4659,0,
1337,450548,BCE,0.3989,0,
1338,450549,BCE,1.2852,0,
1339,450551,BCE,0.4553,0,
1340,450552,BCE,1.0005,0,
1341,450553,BCE,0.7757,0,
1342,450554,Non-BCE,0.3008,0,
1343,450556,BCE,0.5854,0,
1344,450557,BCE,1.2628,0,
1345,450558,BCE,1.0261,0,
1346,450559,BCE,1.2363,0,
1347,450560,BCE,1.3224,0,
1348,450563,Non-BCE,0.3366,0,
1349,450564,BCE,1.3018,0,
1350,450565,BCE,1.3083,0,
1351,450566,BCE,1.3231,0,
1352,450567,BCE,1.2973,0,
1353,450568,BCE,1.1843,0,
1354,450570,BCE,0.8293,0,
1355,450571,BCE,1.2657,0,
1356,450574,BCE,1.3201,0,
1357,450576,BCE,0.9882,0,
1358,450577,BCE,1.2104,0,
1359,450578,BCE,1.2979,0,
1360,450581,BCE,0.8639,0,
1361,450582,BCE,0.5776,0,
1362,450583,BCE,0.9035,0,
1363,450584,BCE,0.4566,0,
1364,450585,BCE,1.0765,0,
1365,450586,BCE,1.1726,0,
1366,450587,Non-BCE,0.2624,0,
1367,450588,BCE,0.3608,0,
1368,450590,BCE,1.0258,0,
1369,450591,BCE,0.9355,0,
1370,450592,BCE,1.0479,0,
1371,450593,BCE,0.9893,0,
1372,450594,BCE,0.6046,0,
1373,450595,Non-BCE,0.2727,0,
1374,450596,BCE,0.698,0,
1375,450597,BCE,1.3234,0,
1376,450598,BCE,0.7552,0,
1377,450599,BCE,1.1456,0,
1378,450601,BCE,1.2856,0,
1379,450604,BCE,1.2665,0,
1380,450605,BCE,1.3493,0,
1381,450606,BCE,1.0623,0,
1382,450608,BCE,1.0537,0,
1383,450609,BCE,1.2467,0,
1384,450611,BCE,0.6976,0,
1385,450612,BCE,1.2938,0,
1386,450613,BCE,1.147,0,
1387,450614,BCE,1.0837,0,
1388,450615,BCE,1.2218,0,
1389,450616,BCE,0.5083,0,
1390,450617,BCE,1.3574,0,
1391,450618,BCE,1.1332,0,
1392,450619,BCE,0.3878,0,
1393,450620,BCE,1.1268,0,
1394,450623,BCE,1.2149,0,
1395,450624,Non-BCE,0.1391,0,
1396,450625,BCE,1.3345,0,
1397,450626,BCE,0.5246,0,
1398,450627,BCE,1.2559,0,
1399,450628,BCE,0.6642,0,
1400,450629,Non-BCE,0.1742,0,
1401,450630,BCE,1.0047,0,
1402,450634,BCE,0.5997,0,
1403,450635,BCE,1.1137,0,
1404,450636,BCE,0.9539,0,
1405,450637,BCE,1.354,0,
1406,450639,BCE,1.3049,0,
1407,450641,BCE,0.8962,0,
1408,450642,BCE,1.0905,0,
1409,450643,BCE,1.0497,0,
1410,450645,BCE,1.2902,0,
1411,450646,BCE,1.1527,0,
1412,450647,BCE,1.0505,0,
1413,450648,BCE,0.4492,0,
1414,450649,Non-BCE,0.2479,0,
1415,450650,BCE,1.3025,0,
1416,450651,BCE,1.2134,0,
1417,450652,BCE,0.4048,0,
1418,450653,BCE,1.2413,0,
1419,450655,BCE,1.3131,0,
1420,450656,BCE,0.4478,0,
1421,450660,BCE,1.2863,0,
1422,450662,BCE,1.3633,0,
1423,450664,Non-BCE,0.2401,0,
1424,450667,BCE,0.515,0,
1425,450669,BCE,0.7913,0,
1426,450670,BCE,0.357,0,
1427,450671,BCE,0.7099,0,
1428,450672,BCE,0.8285,0,
1429,450673,BCE,0.6795,0,
1430,450674,BCE,1.2524,0,
1431,450677,BCE,0.5297,0,
1432,450679,BCE,0.5678,0,
1433,450680,BCE,1.3832,0,
1434,450681,BCE,0.933,0,
1435,450682,BCE,0.7132,0,
1436,450687,BCE,1.3091,0,
1437,450689,BCE,0.3907,0,
1438,450690,BCE,1.2634,0,
1439,450695,BCE,1.1992,0,
1440,450697,BCE,1.2221,0,
1441,450698,BCE,1.1709,0,
1442,450700,BCE,0.8889,0,
1443,450701,Non-BCE,0.1904,0,
1444,450702,BCE,0.527,0,
1445,450703,BCE,0.3515,0,
1446,450704,BCE,0.36,0,
1447,450707,BCE,0.455,0,
1448,450708,BCE,0.9488,0,
1449,450709,BCE,0.7561,0,
1450,450710,BCE,0.4864,0,
1451,450712,BCE,0.4086,0,
1452,450713,BCE,0.5033,0,
1453,450714,BCE,1.2126,0,
1454,450715,BCE,1.0229,0,
1455,450716,BCE,1.2875,0,
1456,450718,BCE,1.1868,0,
1457,450720,BCE,0.6317,0,
1458,450722,BCE,0.9186,0,
1459,450724,Non-BCE,0.2685,0,
1460,450725,BCE,0.6347,0,
1461,450726,BCE,0.5531,0,
1462,450728,BCE,0.9511,0,
1463,450729,Non-BCE,0.332,0,
1464,450730,BCE,1.1392,0,
1465,450732,BCE,0.9352,0,
1466,450733,BCE,1.0407,0,
1467,450734,Non-BCE,0.3152,0,
1468,450735,BCE,0.752,0,
1469,450736,Non-BCE,0.3085,0,
1470,450737,BCE,1.0863,0,
1471,450738,BCE,0.9328,0,
1472,450739,BCE,0.6377,0,
1473,450741,Non-BCE,0.235,0,
1474,450742,BCE,1.2578,0,
1475,450743,BCE,0.4624,0,
1476,450744,BCE,0.4334,0,
1477,450745,BCE,0.6963,0,
1478,450746,BCE,1.2652,0,
1479,450747,BCE,1.2363,0,
1480,450748,BCE,1.1425,0,
1481,450749,BCE,0.4414,0,
1482,450750,BCE,1.2226,0,
1483,450751,BCE,1.3028,0,
1484,450752,BCE,1.1044,0,
1485,450753,Non-BCE,0.3364,0,
1486,450756,BCE,0.579,0,
1487,450757,BCE,0.923,0,
1488,450758,BCE,0.7941,0,
1489,450759,BCE,0.9497,0,
1490,450760,BCE,1.3088,0,
1491,450762,BCE,0.988,0,
1492,450763,BCE,0.9711,0,
1493,450765,BCE,1.3016,0,
1494,450766,BCE,0.8305,0,
1495,450768,BCE,1.2221,0,
1496,450770,Non-BCE,0.2777,0,
1497,450771,BCE,0.9866,0,
1498,450772,BCE,0.9985,0,
1499,450774,BCE,0.422,0,
1500,450775,BCE,1.0272,0,
1501,450777,Non-BCE,0.176,0,
1502,450778,Non-BCE,0.3319,0,
1503,450779,BCE,1.3157,0,
1504,450780,Non-BCE,0.2979,0,
1505,450781,BCE,1.2688,0,
1506,450782,BCE,1.1681,0,
1507,450784,BCE,1.106,0,
1508,450785,BCE,0.4234,0,
1509,450787,BCE,0.3743,0,
1510,450788,BCE,0.7433,0,
1511,450790,BCE,0.6063,0,
1512,450792,BCE,0.7469,0,
1513,450794,BCE,1.1551,0,
1514,450795,BCE,0.5113,0,
1515,450796,Non-BCE,0.3295,0,
1516,450797,Non-BCE,0.2167,0,
1517,450799,Non-BCE,0.104,0,
1518,450800,BCE,0.9799,0,
1519,450801,BCE,0.5059,0,
1520,450804,BCE,1.0772,0,
1521,450805,BCE,0.6278,0,
1522,450808,Non-BCE,0.2266,0,
1523,450809,BCE,0.9178,0,
1524,450810,BCE,0.8795,0,
1525,450811,BCE,1.1907,0,
1526,450812,BCE,0.4167,0,
1527,450813,BCE,0.5324,0,
1528,450814,BCE,0.8679,0,
1529,450815,BCE,0.8866,0,
1530,450818,BCE,0.8263,0,
1531,450819,Non-BCE,0.1609,0,
1532,450820,BCE,0.8055,0,
1533,450821,BCE,0.6358,0,
1534,450823,Non-BCE,0.3358,0,
1535,450824,Non-BCE,0.3477,0,
1536,450825,BCE,0.9053,0,
1537,450835,Non-BCE,0.1143,0,
1538,450836,BCE,0.9599,0,
1539,450837,Non-BCE,0.1721,0,
1540,450838,Non-BCE,0.1265,0,
1541,450839,BCE,0.444,0,
1542,450841,BCE,1.2316,0,
1543,450844,BCE,0.4688,0,
1544,450845,Non-BCE,0.2861,0,
1545,450848,BCE,0.8694,0,
1546,450849,BCE,0.9069,0,
1547,450850,BCE,1.3138,0,
1548,450851,BCE,0.7248,0,
1549,450855,BCE,0.4379,0,
1550,450856,BCE,1.1896,0,
1551,450857,BCE,1.1704,0,
1552,450859,BCE,1.316,0,
1553,450860,BCE,1.0651,0,
1554,450861,BCE,0.9734,0,
1555,450862,BCE,0.7943,0,
1556,450863,Non-BCE,0.3098,0,
1557,450864,BCE,0.4738,0,
1558,450865,BCE,0.9369,0,
1559,450866,BCE,0.3861,0,
1560,450868,BCE,0.7743,0,
1561,450869,BCE,0.7228,0,
1562,450870,BCE,0.7661,0,
1563,450871,BCE,0.3555,0,
1564,450872,BCE,1.3067,0,
1565,450873,BCE,1.1727,0,
1566,450874,BCE,1.3747,0,
1567,450875,BCE,1.1821,0,
1568,450876,BCE,0.8495,0,
1569,450877,BCE,1.3832,0,
1570,450878,BCE,0.794,0,
1571,450881,BCE,0.6007,0,
1572,450883,Non-BCE,0.2145,0,
1573,450884,BCE,1.0857,0,
1574,450885,BCE,0.9658,0,
1575,450886,BCE,1.1006,0,
1576,450887,BCE,1.3852,0,
1577,450888,BCE,1.2327,0,
1578,450889,BCE,0.9999,0,
1579,450890,BCE,1.1178,0,
1580,450891,BCE,0.6115,0,
1581,450894,Non-BCE,0.2974,0,
1582,450895,BCE,0.6254,0,
1583,450896,BCE,1.2772,0,
1584,450899,BCE,1.1116,0,
1585,450904,BCE,0.6436,0,
1586,450906,BCE,1.3448,0,
1587,450907,Non-BCE,0.161,0,
1588,450908,BCE,1.1815,0,
1589,450909,BCE,0.6398,0,
1590,450910,BCE,0.5115,0,
1591,450911,BCE,1.2952,0,
1592,450912,BCE,1.2522,0,
1593,450913,BCE,0.9138,0,
1594,450914,BCE,0.899,0,
1595,450915,BCE,1.3816,0,
1596,450916,BCE,1.135,0,
1597,450917,BCE,1.3926,0,
1598,450918,BCE,1.1654,0,
1599,450919,BCE,0.439,0,
1600,450920,BCE,1.2347,0,
1601,450921,BCE,0.6952,0,
1602,450922,BCE,0.5642,0,
1603,450923,BCE,0.808,0,
1604,450924,Non-BCE,0.0938,0,
1605,450925,BCE,0.9595,0,
1606,450926,BCE,1.4039,0,
1607,450927,BCE,0.4652,0,
1608,450928,BCE,1.0942,0,
1609,450929,BCE,1.2823,0,
1610,450930,BCE,0.9219,0,
1611,450931,BCE,1.3098,0,
1612,450932,BCE,1.2907,0,
1613,450933,BCE,1.3097,0,
1614,450934,BCE,1.2673,0,
1615,450935,BCE,0.5747,0,
1616,450936,BCE,1.369,0,
1617,450937,BCE,1.3689,0,
1618,450938,BCE,0.9369,0,
1619,450939,BCE,0.6502,0,
1620,450940,BCE,1.2906,0,
1621,450941,BCE,1.297,0,
1622,450942,BCE,1.0631,0,
1623,450943,BCE,1.1004,0,
1624,450944,Non-BCE,0.2189,0,
1625,450945,BCE,0.9398,0,
1626,450946,BCE,1.1887,0,
1627,450947,BCE,0.655,0,
1628,450949,BCE,1.1973,0,
1629,450950,BCE,0.6962,0,
1630,450951,BCE,0.5839,0,
1631,450952,BCE,0.8491,0,
1632,450953,Non-BCE,0.0197,0,
1633,450954,BCE,0.9457,0,
1634,450956,BCE,1.0678,0,
1635,450957,BCE,1.1955,0,
1636,450960,BCE,0.5914,0,
1637,450961,BCE,0.906,0,
1638,450962,BCE,1.3062,0,
1639,450964,Non-BCE,0.3196,0,
1640,450967,BCE,1.081,0,
1641,450968,BCE,0.4735,0,
1642,450969,BCE,1.0628,0,
1643,450970,BCE,0.563,0,
1644,450973,BCE,1.1835,0,
1645,450974,BCE,0.5653,0,
1646,450975,BCE,1.3694,0,
1647,450976,BCE,1.296,0,
1648,450977,BCE,0.7098,0,
1649,450978,BCE,1.1117,0,
1650,450980,BCE,1.3719,0,
1651,450981,BCE,1.2299,0,
1652,450982,BCE,1.0882,0,
1653,450983,BCE,1.061,0,
1654,450984,BCE,1.0548,0,
1655,450985,BCE,0.5875,0,
1656,450986,Non-BCE,0.3426,0,
1657,450987,BCE,1.4032,0,
1658,450988,BCE,1.2283,0,
1659,450991,BCE,0.9651,0,
1660,450992,BCE,0.8509,0,
1661,450993,BCE,1.0973,0,
1662,450994,BCE,1.1144,0,
1663,450995,BCE,1.0305,0,
1664,450998,BCE,0.3987,0,
1665,450999,BCE,0.8652,0,
1666,451000,BCE,1.2349,0,
1667,451001,BCE,1.2346,0,
1668,451003,BCE,0.495,0,
1669,451004,BCE,0.8898,0,
1670,451005,BCE,1.2375,0,
1671,451006,BCE,0.3536,0,
1672,451007,BCE,1.195,0,
1673,451008,BCE,1.33,0,
1674,451009,BCE,0.7923,0,
1675,451010,BCE,1.2342,0,
1676,451011,BCE,1.3079,0,
1677,451012,BCE,1.3038,0,
1678,451013,BCE,0.7905,0,
1679,451014,BCE,1.1919,0,
1680,451016,BCE,1.3489,0,
1681,451017,BCE,1.119,0,
1682,451018,BCE,1.2849,0,
1683,451020,BCE,1.0245,0,
1684,451021,BCE,0.3931,0,
1685,451022,BCE,0.4709,0,
1686,451023,BCE,0.9571,0,
1687,451024,BCE,0.7957,0,
1688,451026,BCE,0.7433,0,
1689,451027,BCE,1.2847,0,
1690,451028,BCE,0.6044,0,
1691,451029,BCE,1.0462,0,
1692,451030,BCE,1.2629,0,
1693,451031,BCE,0.9368,0,
1694,451032,BCE,0.687,0,
1695,451035,BCE,1.347,0,
1696,451036,BCE,0.6383,0,
1697,451037,BCE,1.3139,0,
1698,451038,BCE,1.2614,0,
1699,451039,BCE,1.3699,0,
1700,451040,BCE,0.5097,0,
1701,451041,BCE,1.1734,0,
1702,451042,Non-BCE,0.289,0,
1703,451043,BCE,1.2736,0,
1704,451044,Non-BCE,0.3128,0,
1705,451045,BCE,1.2402,0,
1706,451046,BCE,1.3348,0,
1707,451047,BCE,1.3696,0,
1708,451048,BCE,1.278,0,
1709,451049,BCE,1.1613,0,
1710,451050,Non-BCE,0.1842,0,
1711,451051,BCE,0.9787,0,
1712,451052,BCE,1.4018,0,
1713,451053,BCE,0.9882,0,
1714,451054,BCE,0.658,0,
1715,451055,BCE,1.3616,0,
1716,451057,BCE,1.1304,0,
1717,451059,BCE,1.0372,0,
1718,451060,BCE,1.3143,0,
1719,451061,Non-BCE,0.1662,0,
1720,451062,BCE,1.2787,0,
1721,451063,Non-BCE,0.3476,0,
1722,451064,BCE,0.9701,0,
1723,451065,BCE,0.5368,0,
1724,451068,BCE,1.2342,0,
1725,451069,Non-BCE,0.1975,0,
1726,451070,BCE,0.6266,0,
1727,451071,BCE,1.1463,0,
1728,451072,BCE,0.5019,0,
1729,451073,Non-BCE,0.3033,0,
1730,451074,BCE,0.8555,0,
1731,451076,BCE,0.3987,0,
1732,451077,BCE,0.4213,0,
1733,451080,BCE,1.2105,0,
1734,451082,BCE,1.3497,0,
1735,451084,BCE,1.2277,0,
1736,451086,BCE,0.5514,0,
1737,451087,Non-BCE,0.3285,0,
1738,451088,BCE,1.1274,0,
1739,451093,BCE,1.242,0,
1740,451094,BCE,1.1767,0,
1741,451095,BCE,1.2299,0,
1742,451097,BCE,1.0697,0,
1743,451098,BCE,0.9103,0,
1744,451099,Non-BCE,0.1017,0,
1745,451100,BCE,1.404,0,
1746,451101,BCE,1.1755,0,
1747,451103,BCE,1.2789,0,
1748,451105,BCE,0.9801,0,
1749,451106,BCE,1.0703,0,
1750,451107,BCE,1.2323,0,
1751,451108,BCE,0.3677,0,
1752,451109,BCE,1.3732,0,
1753,451110,BCE,0.7507,0,
1754,451111,BCE,0.6077,0,
1755,451112,BCE,1.3298,0,
1756,451113,BCE,0.4284,0,
1757,451114,Non-BCE,0.2848,0,
1758,451117,BCE,0.9485,0,
1759,451118,BCE,1.2352,0,
1760,451119,BCE,0.3798,0,
1761,451120,BCE,0.8465,0,
1762,451124,BCE,0.6984,0,
1763,451125,BCE,1.3489,0,
1764,451128,BCE,0.4789,0,
1765,451129,BCE,0.5657,0,
1766,451130,BCE,0.5555,0,
1767,451131,BCE,0.9751,0,
1768,451135,Non-BCE,0.2727,0,
1769,451136,Non-BCE,0.1598,0,
1770,451137,BCE,1.0595,0,
1771,451140,BCE,0.7799,0,
1772,451143,BCE,1.3742,0,
1773,451144,BCE,0.6297,0,
1774,451148,BCE,1.0482,0,
1775,451149,BCE,1.2866,0,
1776,451150,Non-BCE,0.2498,0,
1777,451151,BCE,0.491,0,
1778,451153,BCE,0.5136,0,
1779,451154,BCE,1.3983,0,
1780,451155,BCE,1.2591,0,
1781,451156,BCE,1.2802,0,
1782,451157,BCE,1.3059,0,
1783,451158,BCE,0.8214,0,
1784,451159,BCE,1.2811,0,
1785,451160,BCE,1.3989,0,
1786,451162,BCE,1.3955,0,
1787,451164,BCE,1.2083,0,
1788,451165,BCE,1.1289,0,
1789,451167,BCE,0.638,0,
1790,451168,BCE,1.1269,0,
1791,451169,BCE,1.0885,0,
1792,451171,BCE,0.7344,0,
1793,451172,BCE,0.5522,0,
1794,451173,Non-BCE,0.1309,0,
1795,451174,Non-BCE,0.3021,0,
1796,451175,Non-BCE,0.2219,0,
1797,451176,BCE,1.1389,0,
1798,451177,BCE,0.5376,0,
1799,451178,BCE,0.4439,0,
1800,451180,BCE,0.8572,0,
1801,451181,Non-BCE,0.2465,0,
1802,451182,Non-BCE,0.3165,0,
1803,451184,BCE,0.8317,0,
1804,451185,BCE,0.7618,0,
1805,451186,BCE,1.2887,0,
1806,451189,BCE,0.5342,0,
1807,451191,BCE,1.2914,0,
1808,451195,BCE,0.5888,0,
1809,451196,BCE,1.2711,0,
1810,451197,BCE,0.9589,0,
1811,451198,BCE,0.7586,0,
1812,451199,BCE,1.2713,0,
1813,451200,Non-BCE,0.3261,0,
1814,451203,Non-BCE,0.2861,0,
1815,451204,BCE,0.8181,0,
1816,451205,Non-BCE,0.1225,0,
1817,451210,BCE,1.0757,0,
1818,451211,BCE,0.5491,0,
1819,451212,BCE,0.6326,0,
1820,451213,BCE,1.317,0,
1821,451215,BCE,1.3154,0,
1822,451217,BCE,1.2386,0,
1823,451219,Non-BCE,0.0837,0,
1824,451222,BCE,0.6883,0,
1825,451225,BCE,1.2692,0,
1826,451226,BCE,1.3125,0,
1827,451227,BCE,1.3487,0,
1828,451229,BCE,1.3792,0,
1829,451230,BCE,0.6584,0,
1830,451232,BCE,0.5258,0,
1831,451235,BCE,0.6257,0,
1832,451238,BCE,1.2978,0,
1833,451239,BCE,0.4284,0,
1834,538620,BCE,0.8504,0,
1835,538621,BCE,0.686,0,
1836,538624,BCE,0.8295,0,
1837,538630,BCE,1.0767,0,
1838,538632,BCE,1.0862,0,
1839,538633,BCE,0.3648,0,
1840,538634,BCE,0.4918,0,
1841,538635,BCE,1.0216,0,
1842,538636,BCE,1.3445,0,
1843,538637,BCE,0.8363,0,
1844,538639,BCE,0.8489,0,
1845,538640,BCE,1.382,0,
1846,538641,BCE,0.9391,0,
1847,538642,BCE,1.2656,0,
1848,538643,BCE,0.7239,0,
1849,538645,BCE,1.0466,0,
1850,538647,BCE,1.0736,0,
1851,538648,BCE,0.7348,0,
1852,538649,BCE,1.2468,0,
1853,538651,BCE,1.338,0,
1854,538652,BCE,0.94,0,
1855,538653,Non-BCE,0.3387,0,
1856,538654,BCE,1.3344,0,
1857,538656,BCE,0.8796,0,
1858,538657,BCE,0.633,0,
1859,538661,BCE,0.4577,0,
1860,538663,BCE,0.9768,0,
1861,538664,Non-BCE,0.3385,0,
1862,538667,BCE,0.5494,0,
1863,538668,Non-BCE,0.3342,0,
1864,538670,Non-BCE,0.261,0,
1865,538673,BCE,1.0516,0,
1866,538676,BCE,0.9287,0,
1867,538678,BCE,0.6647,0,
1868,538680,BCE,1.0236,0,
1869,538681,Non-BCE,0.2213,0,
1870,538682,BCE,1.3733,0,
1871,538688,BCE,1.2855,0,
1872,538689,BCE,0.8127,0,
1873,538690,Non-BCE,0.2588,0,
1874,538694,Non-BCE,0.3047,0,
1875,538695,BCE,0.9025,0,
1876,538697,BCE,1.2589,0,
1877,538699,BCE,0.5123,0,
1878,538700,BCE,1.2689,0,
1879,538702,BCE,0.8491,0,
1880,538706,BCE,0.6489,0,
1881,538707,Non-BCE,0.2825,0,
1882,538708,BCE,0.8376,0,
1883,538709,BCE,0.7618,0,
1884,538714,BCE,1.229,0,
1885,538715,BCE,1.1575,0,
1886,538716,BCE,1.1764,0,
1887,538717,BCE,1.2115,0,
1888,538718,BCE,1.1611,0,
1889,538720,BCE,1.0131,0,
1890,538724,BCE,1.034,0,
1891,538725,BCE,0.5289,0,
1892,538726,Non-BCE,0.3102,0,
1893,538727,BCE,1.0969,0,
1894,538728,BCE,0.9403,0,
1895,538730,BCE,0.4762,0,
1896,538731,BCE,0.6183,0,
1897,538732,BCE,1.0785,0,
1898,538734,BCE,0.5263,0,
1899,538735,BCE,0.8773,0,
1900,538737,BCE,0.6497,0,
1901,538738,BCE,1.0831,0,
1902,538739,BCE,0.9467,0,
1903,538740,Non-BCE,0.2747,0,
1904,538741,BCE,1.1517,0,
1905,538742,BCE,1.2365,0,
1906,538743,BCE,1.249,0,
1907,538744,BCE,1.3471,0,
1908,538746,BCE,1.3127,0,
1909,538747,BCE,0.848,0,
1910,538749,BCE,1.3921,0,
1911,538750,BCE,0.9877,0,
1912,538751,Non-BCE,0.2932,0,
1913,538753,BCE,1.0187,0,
1914,538755,BCE,0.4537,0,
1915,538757,BCE,1.1296,0,
1916,538758,BCE,1.1494,0,
1917,538759,BCE,1.0638,0,
1918,538761,BCE,1.1941,0,
1919,538762,BCE,1.3466,0,
1920,538763,BCE,1.3506,0,
1921,538766,BCE,0.8262,0,
1922,538767,BCE,1.1222,0,
1923,538768,BCE,1.2527,0,
1924,538769,BCE,1.0346,0,
1925,538770,BCE,1.4131,0,
1926,538771,BCE,1.313,0,
1927,538772,BCE,0.6665,0,
1928,538773,BCE,0.8788,0,
1929,538777,BCE,0.7192,0,
1930,538779,Non-BCE,0.3309,0,
1931,538783,BCE,1.3995,0,
1932,538784,BCE,1.2202,0,
1933,561621,Non-BCE,0.1394,0,
1934,561622,Non-BCE,0.0297,0,
1935,561624,Non-BCE,0.1585,0,
1936,561626,Non-BCE,0.1108,0,
1937,561627,Non-BCE,0.0877,0,
1938,561629,Non-BCE,0.0318,0,
1939,561633,Non-BCE,0.0241,0,
1940,561636,Non-BCE,0.1694,0,
1941,561644,Non-BCE,0.096,0,
1942,561648,Non-BCE,0.175,0,
1943,561649,Non-BCE,0.0433,0,
1944,561650,Non-BCE,0.0809,0,
1945,561652,Non-BCE,0.0923,0,
1946,561654,Non-BCE,0.035,0,
1947,561655,Non-BCE,0.1076,0,
1948,561658,Non-BCE,0.0034,0,
1949,561675,Non-BCE,0.1159,0,
1950,561676,Non-BCE,0.2742,0,
1951,561680,Non-BCE,0.2114,0,
1952,561683,Non-BCE,0.0166,0,
1953,561684,Non-BCE,0.0374,0,
1954,561685,Non-BCE,0.1531,0,
1955,561686,Non-BCE,0.0114,0,
1956,561687,Non-BCE,0.0076,0,
1957,561688,Non-BCE,0.0761,0,
1958,561692,Non-BCE,0.1913,0,
1959,561693,Non-BCE,0.1618,0,
1960,561694,Non-BCE,0.1126,0,
1961,561696,Non-BCE,0.0076,0,
1962,561697,Non-BCE,0.1048,0,
1963,561705,Non-BCE,0.1032,0,
1964,561706,Non-BCE,0.0641,0,
1965,561709,Non-BCE,0.0991,0,
1966,561710,Non-BCE,0.04,0,
1967,561713,Non-BCE,0.0077,0,
1968,561716,Non-BCE,0.0793,0,
1969,561718,Non-BCE,0.0226,0,
1970,561719,Non-BCE,0.0794,0,
1971,561721,Non-BCE,0.0095,0,
1972,561723,Non-BCE,0.0906,0,
1973,561725,Non-BCE,0.0888,0,
1974,561729,Non-BCE,0.0363,0,
1975,561730,Non-BCE,0.1651,0,
1976,561732,Non-BCE,0.1117,0,
1977,561733,Non-BCE,0.152,0,
1978,561735,Non-BCE,0.1318,0,
1979,561736,Non-BCE,0.0941,0,
1980,561737,Non-BCE,0.2514,0,
1981,561740,Non-BCE,0.0503,0,
1982,561741,Non-BCE,0.1993,0,
1983,561744,Non-BCE,0.0165,0,
1984,561752,Non-BCE,0.0594,0,
1985,566180,BCE,0.9356,0,
1986,566183,BCE,0.824,0,
1987,566184,BCE,0.7543,0,
1988,566186,BCE,0.4902,0,
1989,566188,BCE,0.6134,0,
1990,566189,BCE,1.1034,0,
1991,566193,BCE,1.0302,0,
1992,566195,BCE,0.6596,0,
1993,566200,BCE,0.8216,0,
1994,566209,BCE,1.0135,0,
1995,566214,BCE,1.0508,0,
1996,566217,BCE,0.3713,0,
1997,566218,BCE,1.1313,0,
1998,566220,BCE,1.0408,0,
1999,566222,BCE,1.3083,0,
2000,566229,BCE,1.2719,0,
2001,566235,BCE,1.2458,0,
2002,566254,BCE,0.6183,0,
2003,566263,BCE,1.2235,0,
2004,566265,BCE,0.6954,0,
2005,566289,BCE,1.2567,0,
2006,566294,BCE,0.5393,0,
2007,566306,BCE,0.5516,0,
2008,566308,BCE,1.1531,0,
2009,566313,BCE,0.7884,0,
2010,566314,BCE,0.3763,0,
2011,566316,BCE,0.4709,0,
2012,566328,BCE,1.2493,0,
2013,566335,BCE,1.1804,0,
2014,566378,BCE,1.1726,0,
2015,566386,BCE,1.0162,0,
2016,566402,BCE,0.8159,0,
2017,566407,BCE,0.6017,0,
2018,566437,BCE,0.598,0,
2019,566452,BCE,0.4502,0,
2020,566453,BCE,1.1565,0,
2021,566454,BCE,1.0917,0,
2022,641956,BCE,1.2036,0,
2023,642504,BCE,1.2426,0,
2024,643348,BCE,0.7819,0,
2025,645446,BCE,1.142,0,
2026,647185,BCE,1.1362,0,
2027,647541,BCE,1.3237,0,
2028,648866,BCE,1.1088,0,
2029,652951,BCE,0.7256,0,
2030,769858,BCE,0.8083,0,
2031,769863,BCE,0.7616,0,
2032,769866,BCE,1.0318,0,
2033,769869,BCE,1.3723,0,
2034,769874,BCE,1.3512,0,
2035,769876,BCE,1.3329,0,
2036,837158,Non-BCE,0.0741,0,
2037,837357,Non-BCE,0.1513,0,
2038,837579,Non-BCE,0.0869,0,
2039,837969,Non-BCE,0.1209,0,
2040,838023,Non-BCE,0.1504,0,
2041,838228,Non-BCE,0.1749,0,
2042,838230,Non-BCE,0.2793,0,
2043,838383,Non-BCE,0.1926,0,
2044,838527,Non-BCE,0.045,0,
2045,850792,BCE,1.2149,0,
2046,850809,BCE,0.7519,0,
2047,850837,Non-BCE,0.3208,0,
2048,850859,BCE,1.1264,0,
2049,850875,BCE,0.8368,0,
2050,886600,BCE,1.3717,0,
2051,886602,BCE,0.9522,0,
2052,886603,BCE,0.655,0,
2053,886605,BCE,0.7461,0,
2054,886609,BCE,1.1382,0,
2055,886611,BCE,1.3497,0,
2056,912969,Non-BCE,0.2754,0,
2057,912971,Non-BCE,0.256,0,
2058,913061,BCE,0.6824,0,
2059,913247,BCE,1.2926,0,
2060,913277,BCE,1.0665,0,
2061,913282,BCE,0.8036,0,
2062,913307,BCE,1.2547,0,
2063,913317,BCE,0.974,0,
2064,913325,BCE,1.1054,0,
2065,913675,BCE,0.4702,0,
2066,913832,BCE,1.1256,0,
2067,913901,BCE,1.0296,0,
2068,913921,BCE,1.2682,0,
2069,913962,Non-BCE,0.3376,0,
2070,914066,BCE,0.8485,0,
2071,914146,BCE,0.6117,0,
2072,956497,BCE,0.7025,0,
2073,956500,BCE,1.0158,0,
2074,956550,BCE,0.9908,0,
2075,956624,BCE,0.9463,0,
2076,956650,Non-BCE,0.2047,0,
2077,956690,Non-BCE,0.2438,0,
2078,956699,BCE,1.0306,0,
2079,956705,BCE,0.7179,0,
2080,956730,BCE,0.397,0,
2081,1100093,Non-BCE,0.1121,0,
2082,1309177,Non-BCE,0.1452,0,
2083,1309183,Non-BCE,0.1379,0,
2084,1309196,Non-BCE,0.1577,0,
2085,1309197,Non-BCE,0.1312,0,
2086,1309200,Non-BCE,0.295,0,
2087,1309204,Non-BCE,0.1495,0,
2088,1309206,Non-BCE,0.2226,0,
2089,1309208,Non-BCE,0.2271,0,
2090,1309210,Non-BCE,0.1677,0,
2091,1309230,BCE,0.5371,0,
2092,1309240,Non-BCE,0.2038,0,
2093,1309257,Non-BCE,0.2553,0,
2094,1309263,BCE,0.3952,0,
2095,1309267,Non-BCE,0.2338,0,
2096,1309270,Non-BCE,0.2409,0,
2097,1309281,Non-BCE,0.1332,0,
2098,1309283,BCE,0.6215,0,
2099,1309285,Non-BCE,0.2286,0,
2100,1309316,Non-BCE,0.2204,0,
2101,1310057,BCE,0.8476,0,
2102,1310060,BCE,0.6684,0,
2103,1310082,BCE,1.156,0,
2104,1310084,BCE,1.0976,0,
2105,1310085,BCE,0.6593,0,
2106,1310092,BCE,0.3778,0,
2107,1310107,BCE,0.4918,0,
2108,1310137,BCE,0.6808,0,
2109,1310144,BCE,0.8075,0,
2110,1310146,Non-BCE,0.21,0,
2111,1310170,BCE,1.1131,0,
2112,1310175,Non-BCE,0.3329,0,
2113,1310201,BCE,1.2756,0,
2114,1310204,BCE,0.6225,0,
2115,1310209,BCE,1.1702,0,
2116,1310214,BCE,0.814,0,